,saison,rank,champion,tot_win,tot_lose,avg_kills,avg_deaths,avg_assists,gold,nb_kill_mobs,max_kills,max_deaths,avg_dmg_dealt,avg_dmg_taken,dk,tk,qk,quintu
0,Saison 2022,1,Akshan,58V,39 D,9.4,5.5,5.5,"12,695",185.0(6.7),28,13,"130,093","17,285",122,19,,
1,Saison 2022,2,Veigar,9V,7 D,6.6,4.6,5.1,"12,140",206.5(7.3),11,9,"150,255","15,666",8,,,
2,Saison 2022,3,Viktor,6V,9 D,5.7,6.0,5.3,"12,311",197.7(6.9),13,10,"142,283","16,583",8,2,1,
3,Saison 2022,4,Lux,8V,6 D,7.0,3.9,9.4,"12,373",207.5(6.9),16,7,"143,237","13,941",13,1,,
4,Saison 2022,5,Zilean,7V,7 D,5.9,3.3,11.,"12,040",195.5(6.3),12,8,"144,990","21,851",5,,,
5,Saison 2022,6,Ezreal,4V,5 D,5.2,4.7,5.7,"11,261",184.4(7.0),14,10,"127,348","15,567",8,1,,
6,Saison 2022,7,Anivia,4V,3 D,5.6,3.7,6.9,"10,890",180.4(7.0),8,5,"115,149","17,911",,,,
7,Saison 2022,8,Sivir,2V,4 D,9.0,3.8,6.5,"11,395",172.5(6.9),19,7,"127,338","14,487",4,1,,
8,Saison 2022,9,Séraphine,3V,2 D,5.8,4.0,7.6,"10,184",172.0(6.8),14,7,"107,947","11,929",4,1,,
9,Saison 2022,10,Kai'Sa,2V,2 D,7.8,5.0,6.0,"11,156",173.3(7.4),13,8,"109,016","14,048",2,,,
10,Saison 2022,11,Kayle,2V,0,9.5,3.5,4.0,"13,141",208.0(7.6),12,7,"133,195","19,401",3,1,,
11,Saison 2022,12,Malzahar,1V,1 D,6.5,5.0,8.5,"12,250",223.0(7.8),7,7,"144,300","12,558",1,,,
12,Saison 2022,13,Twisted Fate,1V,0,10.,/1.,/7.,"10,638",140.0(7.1),10,1,"87,050","11,037",,,,
13,Saison 2022,14,Kalista,1V,0,15.,/4.,/7.,"17,909",242.0(6.9),15,4,"250,760","30,691",1,,,
14,Saison 2022,15,Ivern,0,1 D,2.0,5.0,6.0,"9,741",141.0(4.3),2,5,"352,666","19,291",,,,
15,Saison 2022,16,Ahri,0,1 D,1.0,3.0,3.0,"7,770",177.0(7.0),1,3,"102,915","11,681",,,,
16,Saison 2022,17,Gangplank,0,1 D,0.0,4.0,1.0,"6,083",129.0(6.7),0,4,"69,071","9,512",,,,
17,Saison 2022,18,Teemo,0,1 D,7.0,9.0,1.0,"13,553",194.0(6.6),7,9,"136,119","29,537",,,,
18,Saison 2022,19,Vel'Koz,0,1 D,12.,/6.,/11,"13,842",175.0(6.0),12,6,"134,607","18,163",1,,,
19,Saison 2022,20,Ashe,0,1 D,8.0,8.0,17.,"15,368",226.0(6.3),8,8,"183,153","23,771",1,,,
20,Saison 2022,21,Corki,0,1 D,9.0,8.0,6.0,"16,668",246.0(7.9),9,8,"207,770","22,061",1,,,
21,Saison 2022,22,Singed,0,1 D,0.0,5.0,0.0,"5,458",125.0(6.2),0,5,"61,498","13,706",,,,
22,Saison 3,1,Twitch,178V,121 D,9.6,5.3,6.0,"12,073",169.5(0.0),28,15,"121,100","19,780",379,59,7,3
23,Saison 3,2,Brand,61V,51 D,8.6,5.8,7.0,"12,066",161.8(0.0),22,12,"119,792","19,932",97,19,1,
24,Saison 3,3,Lux,47V,50 D,6.9,5.7,9.5,"11,201",147.0(0.0),19,14,"117,815","15,779",44,6,,
25,Saison 3,4,Corki,44V,47 D,9.1,5.3,6.5,"12,350",190.5(0.0),23,12,"144,618","22,357",101,13,4,
26,Saison 3,5,Pantheon,52V,33 D,10.,/5.,/5.,"12,752",179.0(0.0),22,12,"131,118","23,242",93,13,4,
27,Saison 3,6,Irelia,13V,14 D,7.6,5.6,7.1,"11,615",172.9(0.0),14,14,"98,363","29,610",18,1,,
28,Saison 3,7,Draven,6V,13 D,6.8,5.9,5.3,"9,890",148.1(0.0),20,11,"101,326","18,063",13,1,,
29,Saison 3,8,Nasus,8V,10 D,6.2,4.6,9.9,"11,640",70.6(0.0),13,8,"180,798","37,344",9,,,
30,Saison 3,9,Shaco,11V,5 D,8.0,5.1,10.,"10,330",41.9(0.0),16,10,"117,485","18,556",9,1,,
31,Saison 3,10,Janna,5V,7 D,0.7,4.2,12.,"7,046",14.8(0.0),3,8,"18,128","13,430",,,,
32,Saison 3,11,Blitzcrank,4V,8 D,1.0,7.1,11.,"7,397",18.8(0.0),4,10,"25,131","22,985",,,,
33,Saison 3,12,Ziggs,2V,10 D,4.1,6.4,4.1,"10,034",173.1(0.0),12,11,"145,206","16,697",3,,,
34,Saison 3,13,Singed,3V,7 D,4.7,4.8,8.5,"11,589",192.9(0.0),13,8,"124,088","31,523",4,,,
35,Saison 3,14,Diana,5V,3 D,9.1,5.9,7.8,"12,047",156.4(0.0),13,12,"145,960","21,804",5,,,
36,Saison 3,15,Fizz,4V,4 D,6.9,5.5,5.6,"9,033",101.1(0.0),12,12,"63,778","17,506",4,,,
37,Saison 3,16,Vayne,7V,0,5.7,5.7,6.9,"11,841",170.3(0.0),16,9,"116,777","20,899",6,,,
38,Saison 3,17,Swain,5V,2 D,7.4,5.0,9.7,"11,077",133.1(0.0),19,12,"102,400","27,334",6,1,,
39,Saison 3,18,Caitlyn,2V,5 D,5.3,4.9,7.1,"10,456",173.0(0.0),8,10,"122,520","17,839",2,,,
40,Saison 3,19,Alistar,4V,2 D,2.0,4.5,15.,"9,191",24.2(0.0),5,9,"26,645","27,823",,,,
41,Saison 3,20,Cassiopeia,3V,2 D,7.2,7.4,6.2,"9,802",109.0(0.0),11,9,"83,209","17,530",5,,,
42,Saison 3,21,Gragas,2V,3 D,4.8,4.4,3.8,"9,708",169.2(0.0),13,7,"121,208","16,963",2,1,,
43,Saison 3,22,Udyr,1V,4 D,3.2,5.0,4.6,"7,024",17.8(0.0),9,12,"73,147","23,948",1,,,
44,Saison 3,23,Jax,1V,3 D,9.3,6.8,8.3,"11,829",167.0(0.0),13,9,"111,087","30,213",3,1,,
45,Saison 3,24,Gangplank,0,4 D,8.5,9.3,11.,"16,228",235.5(0.0),10,13,"177,906","42,978",3,,,
46,Saison 3,25,Ezreal,2V,1 D,9.7,4.0,9.3,"11,941",164.3(0.0),12,5,"121,825","17,957",4,,,
47,Saison 3,26,Sona,2V,1 D,1.3,6.7,15.,"9,369",21.0(0.0),3,9,"28,680","19,232",1,,,
48,Saison 3,27,Annie,1V,2 D,6.7,6.3,5.3,"10,370",60.3(0.0),9,9,"55,572","17,003",3,,,
49,Saison 3,28,Orianna,1V,2 D,5.7,6.0,4.3,"10,826",184.3(0.0),10,7,"136,765","14,858",1,,,
50,Saison 3,29,Jarvan IV,2V,0,2.0,5.0,11.,"9,373",94.5(0.0),4,5,"88,699","25,901",,,,
51,Saison 3,30,Jinx,1V,1 D,4.0,5.0,8.0,"12,069",219.5(0.0),6,6,"163,007","22,679",,,,
52,Saison 3,31,Tryndamere,1V,1 D,5.0,9.0,4.5,"11,977",175.0(0.0),6,11,"160,376","34,171",2,,,
53,Saison 3,32,Nidalee,1V,1 D,2.5,3.5,6.0,"6,986",97.5(0.0),4,4,"74,759","14,276",,,,
54,Saison 3,33,Varus,0,2 D,1.5,6.5,0.5,"6,550",133.0(0.0),2,7,"69,991","14,109",,,,
55,Saison 3,34,Kassadin,0,2 D,6.5,6.5,7.5,"12,120",191.0(0.0),8,7,"144,463","31,472",1,,,
56,Saison 3,35,Twisted Fate,0,2 D,4.5,5.5,4.0,"11,172",174.5(0.0),9,7,"144,038","17,694",2,,,
57,Saison 3,36,Akali,0,2 D,5.0,9.5,5.5,"9,111",124.5(0.0),5,10,"79,469","25,128",,,,
58,Saison 3,37,Nunu et Willump,0,2 D,2.0,3.0,10.,"6,356",23.5(0.0),2,3,"21,099","21,673",,,,
59,Saison 3,38,Evelynn,0,2 D,4.5,7.5,5.0,"8,579",49.5(0.0),7,8,"122,048","23,161",,,,
60,Saison 3,39,Amumu,0,2 D,4.0,2.5,3.0,"7,442",29.5(0.0),6,4,"116,575","20,207",,,,
61,Saison 3,40,Olaf,1V,0,14.,/3.,/16,"13,094",128.0(0.0),14,3,"80,628","27,831",1,,,
62,Saison 3,41,Wukong,1V,0,2.0,10.,/17,"8,790",33.0(0.0),2,10,"122,445","25,190",,,,
63,Saison 3,42,Maître Yi,1V,0,10.,/4.,/6.,"11,234",138.0(0.0),10,4,"147,647","21,036",3,,,
64,Saison 3,43,Teemo,1V,0,2.0,3.0,2.0,"7,676",151.0(0.0),2,3,"65,519","9,652",,,,
65,Saison 3,44,Soraka,1V,0,0.0,8.0,10.,"6,632",17.0(0.0),0,8,"12,877","16,876",,,,
66,Saison 3,45,Riven,1V,0,13.,/11,0/1,"15,427",158.0(0.0),13,11,"133,665","30,626",,,,
67,Saison 3,46,Tristana,0,1 D,3.0,3.0,0.0,"5,932",125.0(0.0),3,3,"46,224","7,462",1,,,
68,Saison 3,47,Kayle,0,1 D,3.0,14.,/13,"13,922",216.0(0.0),3,14,"202,613","38,715",,,,
69,Saison 3,48,Fiddlesticks,0,1 D,2.0,6.0,1.0,"5,153",87.0(0.0),2,6,"40,008","10,992",,,,
70,Saison 3,49,Xin Zhao,0,1 D,2.0,9.0,16.,"8,655",77.0(0.0),2,9,"145,173","30,945",,,,
71,Saison 3,50,Aatrox,0,1 D,12.,/5.,/12,"17,894",94.0(0.0),12,5,"232,721","60,983",1,,,
72,Saison 4,1,Brand,80V,56 D,8.9,5.9,7.4,"12,426",168.7(0.0),21,13,"117,355","19,692",129,11,1,
73,Saison 4,2,Varus,40V,30 D,8.6,5.9,7.6,"12,790",190.8(0.0),20,14,"137,494","20,482",74,12,3,
74,Saison 4,3,Pantheon,29V,24 D,8.2,6.3,5.5,"11,945",175.2(0.0),16,13,"122,512","22,494",52,10,1,1
75,Saison 4,4,Akali,26V,20 D,9.6,7.2,6.2,"12,580",163.1(0.0),24,14,"114,447","31,610",53,11,2,
76,Saison 4,5,Twitch,22V,22 D,8.9,5.2,6.0,"11,462",162.8(0.0),20,11,"100,552","20,262",56,7,1,
77,Saison 4,6,Lissandra,23V,20 D,5.3,5.3,7.7,"11,337",197.7(0.0),13,13,"132,377","19,845",23,2,,
78,Saison 4,7,Ziggs,22V,19 D,6.4,5.0,7.0,"11,777",198.1(0.0),14,12,"152,953","15,724",19,3,,
79,Saison 4,8,Talon,18V,8 D,10.,/8.,/6.,"12,661",166.5(0.0),19,14,"128,504","21,086",36,4,,
80,Saison 4,9,Orianna,9V,16 D,4.4,4.9,5.8,"10,105",168.5(0.0),10,10,"115,952","14,600",7,1,,
81,Saison 4,10,Graves,9V,12 D,6.2,5.5,6.9,"11,154",186.1(0.0),14,10,"118,358","19,757",16,4,,
82,Saison 4,11,Warwick,6V,6 D,4.7,2.9,7.8,"10,345",139.8(0.0),10,6,"72,923","30,343",5,1,,
83,Saison 4,12,Hecarim,2V,5 D,4.6,7.7,8.1,"10,271",47.0(0.0),6,10,"133,549","32,266",4,1,,
84,Saison 4,13,Nidalee,3V,3 D,6.3,5.8,5.5,"11,167",174.0(0.0),11,11,"125,776","24,523",3,1,,
85,Saison 4,14,Karthus,2V,3 D,6.4,5.0,6.6,"12,163",193.6(0.0),13,13,"173,085","19,789",4,,,
86,Saison 4,15,Blitzcrank,2V,1 D,1.7,4.7,10.,"7,830",18.0(0.0),2,5,"25,044","17,308",,,,
87,Saison 4,16,Leona,2V,1 D,2.0,3.0,11.,"8,328",50.0(0.0),3,5,"33,538","17,362",,,,
88,Saison 4,17,Ezreal,0,3 D,5.0,6.7,3.0,"8,270",132.7(0.0),9,9,"78,421","15,534",,,,
89,Saison 4,18,Soraka,1V,1 D,1.0,3.5,10.,"6,963",17.5(0.0),2,4,"14,117","12,384",,,,
90,Saison 4,19,Janna,1V,1 D,1.5,5.5,17.,"10,515",22.5(0.0),2,6,"24,003","20,943",,,,
91,Saison 4,20,Tristana,0,2 D,3.0,5.5,3.0,"7,328",133.0(0.0),5,8,"62,070","16,495",,,,
92,Saison 4,21,Quinn,1V,0,9.0,10.,/9.,"20,577",348.0(0.0),9,10,"272,814","35,755",,,,
93,Saison 4,22,Jax,1V,0,8.0,5.0,8.0,"12,247",49.0(0.0),8,5,"166,728","27,508",1,,,
94,Saison 4,23,Kog'Maw,1V,0,16.,/5.,/10,"15,128",150.0(0.0),16,5,"125,125","23,944",5,,,
95,Saison 4,24,Corki,0,1 D,13.,/13,0/1,"18,557",219.0(0.0),13,13,"236,617","40,739",2,,,
96,Saison 4,25,Fizz,0,1 D,6.0,5.0,3.0,"8,393",116.0(0.0),6,5,"73,112","22,520",,,,
97,Saison 4,26,Swain,0,1 D,2.0,7.0,5.0,"6,659",91.0(0.0),2,7,"41,140","21,116",,,,
98,Saison 4,27,Irelia,0,1 D,6.0,11.,/5.,"11,633",184.0(0.0),6,11,"109,458","49,137",,,,
99,Saison 4,28,Kassadin,0,1 D,7.0,6.0,11.,"17,028",254.0(0.0),7,6,"213,179","30,878",1,,,
100,Saison 4,29,Fiddlesticks,0,1 D,9.0,5.0,7.0,"11,487",51.0(0.0),9,5,"140,563","33,518",1,,,
101,Saison 4,30,Gangplank,0,1 D,4.0,4.0,5.0,"7,855",112.0(0.0),4,4,"47,920","15,928",,,,
102,Saison 5,1,Cassiopeia,76V,63 D,8.4,5.3,6.3,"12,120",189.7(0.0),21,13,"132,316","19,867",145,28,6,
103,Saison 5,2,Corki,67V,50 D,8.3,4.6,7.9,"12,922",206.9(0.0),23,12,"157,629","20,239",139,28,6,1
104,Saison 5,3,Brand,48V,36 D,9.4,6.4,9.2,"12,765",156.2(0.0),20,13,"127,237","20,833",70,8,2,1
105,Saison 5,4,Twisted Fate,21V,16 D,8.6,6.0,9.3,"13,645",182.8(0.0),24,11,"152,286","19,619",38,7,3,
106,Saison 5,5,Orianna,21V,14 D,5.7,4.2,7.4,"10,872",177.0(0.0),16,11,"120,292","13,208",21,1,1,
107,Saison 5,6,Lux,14V,8 D,8.0,4.0,8.3,"11,608",177.0(0.0),17,8,"130,552","12,130",18,5,,
108,Saison 5,7,Azir,12V,9 D,7.3,5.7,5.9,"11,698",177.9(0.0),21,12,"128,431","18,147",20,2,1,
109,Saison 5,8,Varus,10V,10 D,6.6,5.7,5.3,"10,786",186.8(0.0),19,12,"132,517","15,085",16,2,,
110,Saison 5,9,Akali,11V,6 D,10.,/5.,/4.,"11,754",155.9(0.0),19,11,"112,868","26,795",28,6,1,
111,Saison 5,10,Vladimir,7V,10 D,6.5,8.1,5.5,"11,593",182.2(0.0),13,16,"146,284","32,710",12,2,,
112,Saison 5,11,Draven,10V,6 D,8.4,5.3,7.3,"13,999",198.5(0.0),18,12,"172,822","20,313",18,4,1,
113,Saison 5,12,Janna,7V,9 D,0.8,4.0,13.,"8,312",14.4(0.0),3,9,"16,444","15,318",1,,,
114,Saison 5,13,Skarner,13V,2 D,4.9,4.1,14.,"11,839",39.9(0.0),11,9,"117,474","33,862",2,,,
115,Saison 5,14,Jinx,4V,11 D,5.8,5.7,5.6,"10,875",191.4(0.0),14,11,"134,928","16,152",11,,,
116,Saison 5,15,Pantheon,8V,6 D,7.9,5.5,8.8,"11,241",126.2(0.0),15,9,"109,174","20,362",7,1,,
117,Saison 5,16,Fizz,6V,7 D,9.2,6.1,5.2,"10,781",136.2(0.0),16,11,"88,328","20,391",15,3,1,
118,Saison 5,17,Cho'Gath,5V,8 D,5.5,5.2,4.9,"11,182",201.9(0.0),16,8,"147,935","29,390",4,1,,
119,Saison 5,18,Ezreal,6V,6 D,8.4,4.3,5.6,"12,175",191.3(0.0),21,9,"139,580","16,324",15,2,1,
120,Saison 5,19,Sivir,6V,5 D,8.5,5.5,10.,"14,574",236.0(0.0),17,8,"209,962","22,210",9,4,,
121,Saison 5,20,Irelia,6V,5 D,7.4,5.5,6.7,"11,790",184.6(0.0),20,12,"111,513","28,416",4,,,
122,Saison 5,21,Lissandra,3V,8 D,6.2,7.2,6.1,"10,870",168.9(0.0),16,12,"128,466","19,922",6,,,
123,Saison 5,22,Ziggs,6V,4 D,6.3,4.4,7.9,"11,265",194.8(0.0),11,7,"137,462","13,983",7,,,
124,Saison 5,23,Fiora,3V,7 D,6.4,5.6,4.0,"10,852",174.9(0.0),12,8,"121,359","27,109",5,2,1,
125,Saison 5,24,Twitch,4V,5 D,9.2,7.4,9.4,"13,047",180.6(0.0),16,13,"138,349","24,986",11,2,,
126,Saison 5,25,Veigar,3V,4 D,6.4,6.4,4.4,"10,580",180.4(0.0),11,10,"135,542","15,838",2,,,
127,Saison 5,26,Caitlyn,2V,4 D,5.5,6.7,6.2,"13,065",228.5(0.0),12,11,"175,964","19,984",4,1,,
128,Saison 5,27,Diana,3V,1 D,8.5,8.3,10.,"13,651",127.8(0.0),14,16,"167,117","25,341",3,,,
129,Saison 5,28,Trundle,2V,1 D,3.0,4.3,4.7,"10,402",180.3(0.0),4,7,"106,060","29,251",,,,
130,Saison 5,29,Ryze,2V,1 D,7.0,3.0,6.3,"10,511",168.3(0.0),11,5,"108,135","15,848",,,,
131,Saison 5,30,Viktor,2V,1 D,8.3,5.0,9.3,"12,193",179.7(0.0),14,7,"128,401","17,318",3,2,1,
132,Saison 5,31,Alistar,0,3 D,1.7,6.3,11.,"7,671",36.7(0.0),4,7,"22,740","25,021",,,,
133,Saison 5,32,Anivia,2V,0,11.,/2.,/8.,"12,670",190.5(0.0),14,4,"146,202","17,822",3,,,
134,Saison 5,33,Graves,1V,1 D,8.5,7.5,9.0,"16,622",253.5(0.0),13,8,"219,992","30,177",2,,,
135,Saison 5,34,Morgana,0,2 D,1.0,5.5,11.,"9,873",22.5(0.0),2,6,"27,913","16,801",1,,,
136,Saison 5,35,Kog'Maw,0,2 D,1.0,4.5,2.0,"8,562",190.5(0.0),2,6,"125,772","15,676",,,,
137,Saison 5,36,Syndra,0,2 D,8.5,5.5,5.0,"15,620",223.5(0.0),10,7,"177,433","23,785",4,,,
138,Saison 5,37,Blitzcrank,1V,0,1.0,3.0,8.0,"7,599",44.0(0.0),1,3,"28,526","13,693",,,,
139,Saison 5,38,Wukong,1V,0,9.0,5.0,7.0,"13,830",62.0(0.0),9,5,"178,211","30,325",1,,,
140,Saison 5,39,Karthus,1V,0,9.0,7.0,7.0,"15,275",225.0(0.0),9,7,"170,487","29,267",2,,,
141,Saison 5,40,Talon,1V,0,11.,/2.,/0.,"10,322",155.0(0.0),11,2,"110,514","14,629",2,,,
142,Saison 5,41,Maître Yi,0,1 D,5.0,3.0,4.0,"7,238",37.0(0.0),5,3,"83,713","17,021",,,,
143,Saison 5,42,Heimerdinger,0,1 D,1.0,5.0,6.0,"8,418",196.0(0.0),1,5,"110,410","13,414",,,,
144,Saison 5,43,Lee Sin,0,1 D,10.,/4.,/5.,"9,679",22.0(0.0),10,4,"79,115","21,165",1,,,
145,Saison 5,44,Ekko,0,1 D,4.0,7.0,0.0,"5,102",57.0(0.0),4,7,"23,857","11,552",,,,
146,Saison 5,45,Rengar,0,1 D,14.,/11,0/5,"13,412",30.0(0.0),14,11,"136,220","35,680",5,,,
147,Saison 5,46,Soraka,0,1 D,1.0,7.0,24.,"10,723",28.0(0.0),1,7,"28,085","19,173",,,,
148,Saison 5,47,Tryndamere,0,1 D,10.,/6.,/3.,"14,494",263.0(0.0),10,6,"205,890","44,987",2,,,
149,Saison 6,1,Ezreal,99V,82 D,6.5,4.5,6.7,"12,043",188.9(0.0),21,10,"128,721","16,060",154,16,2,
150,Saison 6,2,Lux,93V,62 D,7.3,4.2,7.7,"12,647",193.4(0.0),21,12,"142,483","12,855",97,13,3,
151,Saison 6,3,Ziggs,63V,37 D,7.2,4.7,6.9,"13,314",214.6(0.0),19,14,"190,883","16,065",74,11,,
152,Saison 6,4,Azir,37V,43 D,6.3,5.2,6.2,"12,214",201.6(0.0),23,11,"142,231","18,690",54,14,3,
153,Saison 6,5,Corki,33V,24 D,6.7,4.0,6.3,"12,096",187.6(0.0),17,11,"134,082","17,199",46,9,,
154,Saison 6,6,Twisted Fate,23V,25 D,7.0,4.9,7.1,"12,297",176.2(0.0),17,11,"129,233","17,798",33,,,
155,Saison 6,7,Twitch,16V,17 D,6.2,6.8,6.0,"11,823",175.3(0.0),14,13,"113,844","18,986",18,2,,
156,Saison 6,8,Viktor,13V,14 D,7.6,5.9,5.7,"12,992",209.4(0.0),19,11,"163,691","18,078",17,3,1,
157,Saison 6,9,Cassiopeia,8V,14 D,5.4,4.7,4.8,"10,875",179.3(0.0),12,11,"107,585","18,021",14,2,,
158,Saison 6,10,Jinx,9V,11 D,4.4,5.9,5.8,"10,632",173.3(0.0),12,12,"115,561","16,151",13,4,,
159,Saison 6,11,Brand,8V,9 D,5.6,6.3,6.7,"10,663",123.9(0.0),15,10,"82,360","17,694",7,,,
160,Saison 6,12,Veigar,7V,10 D,8.6,5.6,5.6,"13,047",214.3(0.0),20,10,"169,921","17,697",10,,,
161,Saison 6,13,Singed,9V,7 D,3.3,6.5,10.,"12,567",216.5(0.0),6,11,"129,335","34,861",3,1,,
162,Saison 6,14,Orianna,2V,10 D,7.5,5.7,6.1,"12,843",201.3(0.0),13,11,"146,968","18,406",9,1,,
163,Saison 6,15,Skarner,7V,3 D,5.8,6.0,8.7,"12,882",46.7(0.0),14,9,"142,870","34,504",5,1,,
164,Saison 6,16,Caitlyn,2V,8 D,3.9,6.2,5.0,"10,469",181.9(0.0),11,12,"123,738","15,964",5,1,,
165,Saison 6,17,Kog'Maw,3V,6 D,7.8,5.2,7.1,"12,976",199.4(0.0),15,10,"133,467","19,757",9,2,,
166,Saison 6,18,Syndra,4V,4 D,6.1,5.6,6.3,"12,778",210.9(0.0),8,8,"154,865","17,165",2,,,
167,Saison 6,19,Vladimir,3V,3 D,6.0,6.7,7.7,"13,740",224.7(0.0),10,9,"156,881","36,328",4,1,,
168,Saison 6,20,Ivern,3V,2 D,7.2,6.4,16.,"14,333",51.6(0.0),10,9,"490,257","30,613",3,,,
169,Saison 6,21,Gangplank,2V,3 D,8.4,4.8,8.4,"16,441",261.8(0.0),12,8,"253,713","25,340",5,2,,
170,Saison 6,22,Varus,2V,3 D,5.2,5.8,5.8,"11,569",201.2(0.0),13,9,"141,138","17,006",2,1,1,
171,Saison 6,23,Janna,3V,1 D,0.3,2.8,11.,"7,891",9.8(0.0),1,5,"12,580","10,404",,,,
172,Saison 6,24,Lissandra,3V,0,7.0,5.3,9.0,"14,033",215.3(0.0),11,7,"166,719","20,301",1,,,
173,Saison 6,25,Pantheon,2V,1 D,8.7,12.,/9.,"15,878",176.7(0.0),10,14,"141,246","38,959",3,,,
174,Saison 6,26,Kennen,1V,2 D,3.0,3.3,7.0,"8,046",152.0(0.0),5,5,"63,127","13,944",,,,
175,Saison 6,27,Fizz,1V,2 D,7.0,5.0,3.0,"9,398",151.3(0.0),11,6,"74,026","13,790",3,,,
176,Saison 6,28,Karthus,1V,2 D,7.0,7.3,9.3,"14,679",204.0(0.0),12,11,"181,577","33,246",4,1,,
177,Saison 6,29,Draven,2V,0,11.,/10,5/1,"19,543",201.5(0.0),14,15,"208,721","35,373",3,,,
178,Saison 6,30,Sivir,1V,1 D,7.5,3.5,7.0,"10,748",176.0(0.0),11,4,"121,581","12,936",2,,,
179,Saison 6,31,Blitzcrank,0,2 D,2.5,6.0,5.5,"8,432",48.5(0.0),3,6,"28,166","18,557",,,,
180,Saison 6,32,Ekko,1V,0,7.0,4.0,3.0,"9,094",122.0(0.0),7,4,"76,406","16,267",,,,
181,Saison 6,33,Soraka,1V,0,0.0,3.0,12.,"8,726",5.0(0.0),0,3,"11,868","7,843",,,,
182,Saison 6,34,Ashe,1V,0,6.0,1.0,6.0,"11,030",177.0(0.0),6,1,"119,330","10,283",1,1,,
183,Saison 6,35,Nidalee,0,1 D,6.0,7.0,7.0,"7,612",20.0(0.0),6,7,"60,057","17,313",1,,,
184,Saison 6,36,Gragas,0,1 D,1.0,7.0,5.0,"7,301",111.0(0.0),1,7,"59,790","21,442",,,,
185,Saison 6,37,Lee Sin,0,1 D,4.0,6.0,11.,"12,061",205.0(0.0),4,6,"129,904","22,309",,,,
186,Saison 6,38,Diana,0,1 D,3.0,17.,/11,"16,576",243.0(0.0),3,17,"230,915","47,069",1,,,
187,Saison 6,39,Alistar,0,1 D,1.0,6.0,14.,"9,160",47.0(0.0),1,6,"28,531","36,183",,,,
188,Saison 6,40,Ryze,0,1 D,8.0,6.0,5.0,"15,356",268.0(0.0),8,6,"269,050","30,291",,,,
189,Saison 6,41,Morgana,0,1 D,1.0,5.0,5.0,"7,144",30.0(0.0),1,5,"20,509","13,847",,,,
190,Saison 6,42,Olaf,0,1 D,3.0,5.0,3.0,"7,641",133.0(0.0),3,5,"68,078","18,533",,,,
191,Saison 7,1,Ziggs,154V,96 D,7.1,4.4,7.1,"13,210",228.0(0.0),23,13,"189,079","15,663",,,,
192,Saison 7,2,Lux,71V,56 D,6.3,4.4,7.5,"12,268",209.2(0.0),15,10,"143,899","12,661",,,,
193,Saison 7,3,Ezreal,39V,49 D,7.4,5.1,7.0,"12,829",208.9(0.0),18,11,"144,261","17,854",,,,
194,Saison 7,4,Azir,41V,41 D,6.2,4.8,5.5,"11,924",205.2(0.0),17,14,"143,072","17,578",,,,
195,Saison 7,5,Twisted Fate,37V,24 D,7.0,4.6,7.5,"12,713",189.5(0.0),16,11,"136,919","18,503",,,,
196,Saison 7,6,Viktor,22V,23 D,7.0,4.5,6.0,"12,114",199.7(0.0),14,9,"142,086","15,024",,,,
197,Saison 7,7,Caitlyn,16V,20 D,4.3,4.9,5.4,"10,677",192.4(0.0),13,13,"130,505","15,123",,,,
198,Saison 7,8,Yasuo,17V,17 D,6.4,6.4,5.4,"11,732",198.6(0.0),16,12,"136,426","20,435",,,,
199,Saison 7,9,Vladimir,21V,12 D,7.7,4.8,5.8,"12,140",193.6(0.0),21,10,"134,882","28,193",,,,
200,Saison 7,10,Ekko,13V,12 D,10.,/5.,/6.,"13,361",201.9(0.0),27,12,"154,649","26,426",,,,
201,Saison 7,11,Draven,11V,11 D,6.0,5.7,5.9,"12,754",198.3(0.0),12,13,"145,556","19,618",,,,
202,Saison 7,12,Cassiopeia,8V,11 D,6.2,5.5,6.9,"12,181",203.2(0.0),10,9,"123,470","20,519",,,,
203,Saison 7,13,Skarner,10V,7 D,5.9,4.3,6.8,"11,207",131.4(0.0),15,9,"131,805","25,426",,,,
204,Saison 7,14,Orianna,8V,9 D,5.2,4.8,8.0,"12,547",224.1(0.0),12,11,"154,540","16,477",,,,
205,Saison 7,15,Varus,7V,10 D,3.7,4.6,5.1,"10,202",184.2(0.0),11,10,"107,380","13,631",,,,
206,Saison 7,16,Janna,10V,6 D,0.6,2.6,11.,"7,967",13.8(0.0),2,8,"12,393","10,362",,,,
207,Saison 7,17,Veigar,9V,5 D,10.,/5.,/5.,"14,439",233.1(0.0),16,10,"186,777","19,110",,,,
208,Saison 7,18,Twitch,5V,4 D,8.8,7.6,8.9,"13,139",182.9(0.0),21,13,"133,850","23,735",,,,
209,Saison 7,19,Kassadin,3V,5 D,6.8,5.1,5.0,"11,683",200.0(0.0),19,8,"111,061","21,964",,,,
210,Saison 7,20,Kog'Maw,3V,3 D,7.8,6.0,8.0,"12,697",204.8(0.0),12,8,"130,719","20,304",,,,
211,Saison 7,21,Lissandra,3V,3 D,3.8,4.3,3.2,"9,180",168.2(0.0),5,7,"102,678","14,865",,,,
212,Saison 7,22,Corki,3V,3 D,6.5,5.5,5.3,"11,304",174.7(0.0),12,9,"118,440","15,991",,,,
213,Saison 7,23,Akali,3V,3 D,8.7,7.0,5.3,"11,998",166.3(0.0),15,11,"119,743","29,029",,,,
214,Saison 7,24,Urgot,1V,4 D,8.8,6.4,6.0,"12,597",194.0(0.0),12,9,"139,764","27,364",,,,
215,Saison 7,25,Gangplank,0,5 D,5.2,6.2,6.4,"12,923",228.8(0.0),9,11,"205,799","29,200",,,,
216,Saison 7,26,Jax,1V,3 D,2.3,4.0,3.0,"8,731",171.0(0.0),6,6,"91,609","14,609",,,,
217,Saison 7,27,Brand,1V,3 D,4.8,6.0,5.3,"9,319",29.3(0.0),8,9,"42,292","13,942",,,,
218,Saison 7,28,Syndra,2V,1 D,9.7,6.3,9.3,"15,140",230.3(0.0),15,8,"187,876","23,947",,,,
219,Saison 7,29,Soraka,2V,1 D,2.0,6.0,17.,"10,127",21.7(0.0),3,6,"22,271","14,738",,,,
220,Saison 7,30,Kalista,1V,2 D,8.7,13.,/8.,"11,527",147.3(0.0),10,18,"91,934","26,814",,,,
221,Saison 7,31,Jinx,1V,2 D,4.3,6.7,5.0,"9,164",145.3(0.0),7,8,"82,204","15,093",,,,
222,Saison 7,32,Nasus,1V,2 D,3.7,6.3,3.3,"11,272",203.7(0.0),9,8,"139,481","30,983",,,,
223,Saison 7,33,Jayce,0,3 D,8.0,8.0,6.3,"10,700",152.7(0.0),16,12,"106,747","25,592",,,,
224,Saison 7,34,Malzahar,1V,1 D,8.0,7.0,8.5,"15,106",250.5(0.0),10,8,"201,391","22,919",,,,
225,Saison 7,35,Irelia,0,2 D,6.0,7.0,8.0,"11,278",197.0(0.0),6,7,"112,743","24,941",,,,
226,Saison 7,36,Zed,0,2 D,5.5,7.0,2.0,"10,128",170.5(0.0),7,8,"87,137","18,986",,,,
227,Saison 7,37,Maître Yi,0,2 D,5.0,6.5,1.5,"11,330",218.5(0.0),7,8,"142,529","21,148",,,,
228,Saison 7,38,Gragas,1V,0,2.0,2.0,5.0,"10,636",120.0(0.0),2,2,"114,576","32,852",,,,
229,Saison 7,39,Wukong,1V,0,10.,/5.,/20,"19,191",267.0(0.0),10,5,"284,404","52,749",,,,
230,Saison 7,40,Xayah,1V,0,6.0,6.0,13.,"13,359",199.0(0.0),6,6,"144,968","19,190",,,,
231,Saison 7,41,Zyra,1V,0,6.0,2.0,13.,"11,483",65.0(0.0),6,2,"75,887","11,409",,,,
232,Saison 7,42,Cho'Gath,1V,0,12.,/3.,/12,"15,284",185.0(0.0),12,3,"199,814","54,659",,,,
233,Saison 7,43,Trundle,1V,0,6.0,8.0,10.,"11,846",155.0(0.0),6,8,"99,343","27,677",,,,
234,Saison 7,44,Taliyah,1V,0,6.0,2.0,7.0,"11,185",155.0(0.0),6,2,"99,794","12,908",,,,
235,Saison 7,45,Ashe,1V,0,4.0,3.0,10.,"12,364",229.0(0.0),4,3,"150,239","14,839",,,,
236,Saison 7,46,Kayle,1V,0,4.0,4.0,10.,"12,105",224.0(0.0),4,4,"147,777","17,564",,,,
237,Saison 7,47,Pantheon,1V,0,11.,/5.,/5.,"12,973",173.0(0.0),11,5,"118,837","20,301",,,,
238,Saison 7,48,Annie,0,1 D,3.0,6.0,8.0,"11,201",232.0(0.0),3,6,"134,078","14,564",,,,
239,Saison 7,49,Blitzcrank,0,1 D,3.0,2.0,3.0,"7,389",52.0(0.0),3,2,"23,981","12,811",,,,
240,Saison 7,50,Hecarim,0,1 D,2.0,6.0,6.0,"8,010",104.0(0.0),2,6,"78,962","25,687",,,,
241,Saison 7,51,Vayne,0,1 D,2.0,4.0,1.0,"5,161",93.0(0.0),2,4,"29,839","8,149",,,,
242,Saison 7,52,Tryndamere,0,1 D,3.0,9.0,6.0,"9,963",180.0(0.0),3,9,"123,092","34,496",,,,
243,Saison 7,53,Tahm Kench,0,1 D,1.0,8.0,5.0,"8,648",53.0(0.0),1,8,"39,307","29,520",,,,
244,Saison 7,54,Xerath,0,1 D,7.0,6.0,6.0,"9,902",168.0(0.0),7,6,"101,160","12,835",,,,
245,Saison 7,55,Darius,0,1 D,3.0,5.0,4.0,"11,306",239.0(0.0),3,5,"128,500","27,940",,,,
246,Saison 7,56,Garen,0,1 D,5.0,8.0,6.0,"9,581",118.0(0.0),5,8,"70,506","22,126",,,,
247,Saison 7,57,Evelynn,0,1 D,1.0,9.0,3.0,"9,129",114.0(0.0),1,9,"124,309","36,858",,,,
248,Saison 7,58,Zac,0,1 D,3.0,5.0,3.0,"8,037",97.0(0.0),3,5,"94,836","31,527",,,,
249,Saison 7,59,Singed,0,1 D,1.0,5.0,2.0,"6,833",134.0(0.0),1,5,"74,063","19,689",,,,
250,Saison 7,60,Lucian,0,1 D,7.0,4.0,1.0,"9,686",188.0(0.0),7,4,"103,714","12,447",,,,
251,Saison 8,1,Ziggs,77V,77 D,6.9,4.2,6.8,"12,856",226.5(7.7),20,10,"180,599","14,544",90,17,3,
252,Saison 8,2,Ekko,56V,43 D,7.1,4.0,5.5,"11,711",199.9(7.3),24,12,"135,909","22,848",71,9,1,
253,Saison 8,3,Azir,56V,41 D,7.0,4.3,6.1,"12,561",226.3(7.9),19,10,"153,467","16,227",94,21,3,
254,Saison 8,4,Ezreal,20V,27 D,5.8,4.5,7.0,"11,808",197.7(7.1),17,11,"127,095","14,600",29,6,,
255,Saison 8,5,Vladimir,13V,19 D,5.4,3.6,4.6,"10,761",200.1(7.5),15,10,"130,516","22,357",15,2,,
256,Saison 8,6,Sivir,10V,11 D,6.5,4.2,6.9,"12,834",239.8(8.5),15,9,"186,025","16,806",20,4,1,
257,Saison 8,7,Lux,4V,10 D,4.5,4.6,6.4,"10,703",193.3(6.7),7,9,"126,049","13,459",5,,,
258,Saison 8,8,Vel'Koz,3V,3 D,6.8,3.7,8.0,"12,806",238.8(8.1),12,9,"165,325","14,586",3,,,
259,Saison 8,9,Lissandra,2V,2 D,3.8,3.0,4.3,"9,230",175.0(7.3),5,7,"111,401","13,208",2,,,
260,Saison 8,10,Kog'Maw,1V,1 D,4.5,6.5,7.0,"11,974",209.0(7.2),6,11,"130,636","16,151",1,,,
261,Saison 8,11,Varus,1V,1 D,4.5,5.0,8.0,"12,558",250.5(9.2),7,7,"172,380","14,229",1,,,
262,Saison 8,12,Cassiopeia,0,2 D,8.5,6.0,6.0,"11,888",169.5(6.3),12,6,"106,329","17,728",4,1,,
263,Saison 8,13,Viktor,0,2 D,2.0,3.5,3.5,"9,105",207.0(7.8),3,5,"137,322","12,359",,,,
264,Saison 8,14,Janna,0,2 D,3.0,5.0,7.5,"7,074",17.5(0.6),4,8,"17,189","13,414",,,,
265,Saison 8,15,Draven,1V,0,15.,/10,0/4,"18,684",250.0(7.0),15,10,"198,597","24,509",3,,,
266,Saison 8,16,Xerath,1V,0,8.0,6.0,20.,"16,939",295.0(7.6),8,6,"211,924","19,195",,,,
267,Saison 8,17,Veigar,1V,0,15.,/6.,/12,"14,460",184.0(6.5),15,6,"155,274","21,882",2,,,
268,Saison 8,18,Skarner,0,1 D,1.0,5.0,2.0,"8,533",144.0(5.0),1,5,"107,060","23,501",,,,
269,Saison 8,19,Ryze,0,1 D,3.0,5.0,2.0,"9,809",185.0(7.0),3,5,"104,667","18,364",,,,
270,Saison 8,20,Kai'Sa,0,1 D,1.0,5.0,2.0,"6,698",147.0(7.1),1,5,"47,308","9,708",,,,
271,Saison 8,21,Caitlyn,0,1 D,2.0,3.0,1.0,"7,746",179.0(8.0),2,3,"91,546","10,347",,,,
272,Saison 9,1,Lux,115V,94 D,6.0,2.7,7.4,"11,020",184.5(6.7),19,11,"122,822","10,908",123,14,,
273,Saison 9,2,Ziggs,53V,62 D,5.9,3.3,6.8,"12,369",214.0(7.2),16,8,"172,750","14,425",55,6,,
274,Saison 9,3,Ezreal,38V,28 D,7.2,4.5,8.4,"12,517",180.8(6.5),24,9,"131,729","16,089",57,6,1,1
275,Saison 9,4,Lissandra,21V,19 D,5.7,4.5,8.4,"11,700",191.6(6.8),16,10,"136,518","16,849",30,6,,
276,Saison 9,5,Caitlyn,12V,13 D,6.9,5.0,6.4,"12,199",191.4(6.7),20,9,"150,963","16,503",17,5,2,
277,Saison 9,6,Azir,10V,10 D,6.2,3.9,7.3,"11,944",187.6(6.6),21,7,"132,907","16,097",17,1,,
278,Saison 9,7,Nasus,7V,4 D,7.7,5.0,4.8,"12,418",174.1(6.2),12,10,"139,108","28,462",8,1,,
279,Saison 9,8,Corki,5V,4 D,5.8,5.1,7.3,"10,606",170.4(6.4),11,11,"116,770","19,309",10,2,,
280,Saison 9,9,Malzahar,6V,2 D,7.8,5.6,12.,"14,961",234.1(7.2),17,8,"187,458","19,253",7,,,
281,Saison 9,10,Xerath,4V,3 D,8.1,4.1,7.3,"13,615",234.7(7.2),14,6,"185,152","14,936",6,2,,
282,Saison 9,11,Sivir,4V,3 D,7.6,4.7,8.7,"13,616",234.3(7.9),12,9,"182,251","17,818",6,,,
283,Saison 9,12,Neeko,4V,2 D,6.7,6.5,7.0,"13,864",234.2(6.9),9,13,"189,894","23,929",4,1,,
284,Saison 9,13,Jhin,4V,2 D,10.,/5.,/9.,"14,988",210.2(6.2),18,8,"211,624","22,109",11,1,,
285,Saison 9,14,Cassiopeia,3V,3 D,4.3,5.5,4.2,"9,269",159.2(6.3),13,9,"82,083","15,425",5,1,,
286,Saison 9,15,Ryze,2V,3 D,9.2,5.8,8.4,"14,576",233.2(6.6),17,8,"196,081","26,639",3,,,
287,Saison 9,16,Zilean,3V,1 D,4.3,3.3,12.,"11,486",182.8(6.3),7,5,"135,916","19,728",1,,,
288,Saison 9,17,Tryndamere,3V,1 D,7.3,6.3,6.8,"14,982",227.8(7.3),14,7,"222,874","37,014",3,,,
289,Saison 9,18,Vladimir,1V,3 D,4.0,5.3,4.8,"9,956",189.3(6.8),8,8,"113,187","26,006",,,,
290,Saison 9,19,Skarner,2V,1 D,3.0,4.0,12.,"10,535",139.3(4.6),6,7,"124,408","28,682",,,,
291,Saison 9,20,Singed,2V,1 D,3.0,5.3,9.7,"10,266",166.0(5.4),4,7,"119,194","30,250",,,,
292,Saison 9,21,Karthus,1V,1 D,7.5,3.0,3.0,"11,426",179.5(6.6),9,4,"114,147","14,079",,,,
293,Saison 9,22,Orianna,1V,1 D,4.5,4.5,6.0,"9,159",151.5(6.8),7,7,"87,355","14,003",1,,,
294,Saison 9,23,Mordekaiser,0,2 D,5.0,6.5,2.0,"9,231",148.5(5.7),8,7,"103,978","25,286",1,,,
295,Saison 9,24,Kayn,0,2 D,4.5,6.5,2.5,"8,610",122.0(4.8),9,10,"105,134","28,384",1,,,
296,Saison 9,25,Draven,0,2 D,4.5,7.5,3.5,"11,303",191.0(6.8),7,8,"125,786","19,189",,,,
297,Saison 9,26,Ekko,1V,0,9.0,3.0,9.0,"14,806",214.0(7.1),9,3,"159,586","20,295",1,,,
298,Saison 9,27,Garen,1V,0,8.0,2.0,8.0,"15,188",243.0(7.7),8,2,"181,617","31,563",1,,,
299,Saison 9,28,Kha'Zix,0,1 D,4.0,7.0,3.0,"6,897",73.0(3.4),4,7,"61,627","18,598",1,,,
300,Saison 9,29,Lee Sin,0,1 D,5.0,7.0,5.0,"8,508",98.0(3.7),5,7,"80,409","23,042",,,,
301,Saison 9,30,Akali,0,1 D,7.0,7.0,3.0,"11,558",172.0(6.3),7,7,"115,426","24,078",1,,,
302,Saison 9,31,Viktor,0,1 D,0.0,4.0,4.0,"6,640",141.0(6.2),0,4,"74,629","8,467",,,,
303,Saison 9,32,Brand,0,1 D,3.0,6.0,6.0,"8,043",131.0(5.0),3,6,"81,424","14,432",,,,
304,Saison 9,33,Diana,0,1 D,5.0,8.0,8.0,"11,570",198.0(6.1),5,8,"139,171","21,556",1,,,
305,Saison 9,34,LeBlanc,0,1 D,6.0,8.0,2.0,"9,392",146.0(6.1),6,8,"81,483","16,812",,,,
306,Saison 9,35,Kennen,0,1 D,11.,/7.,/8.,"16,887",219.0(5.7),11,7,"175,886","33,089",,,,
307,Saison 2020,1,Lux,26V,27 D,6.5,3.4,8.0,"11,500",193.2(6.8),24,7,"130,057","11,747",35,2,,
308,Saison 2020,2,Diana,12V,15 D,6.6,5.0,5.0,"11,433",189.7(7.1),13,9,"132,777","20,826",19,3,,
309,Saison 2020,3,Séraphine,16V,10 D,6.4,3.4,9.0,"11,820",196.8(6.9),15,8,"133,172","11,970",16,2,,
310,Saison 2020,4,Azir,10V,12 D,5.5,3.8,4.1,"10,555",189.2(7.3),17,9,"116,070","15,528",16,2,,
311,Saison 2020,5,Ezreal,12V,7 D,7.6,4.1,6.4,"11,870",186.9(6.7),20,10,"129,029","17,298",15,2,1,
312,Saison 2020,6,Malzahar,9V,4 D,4.9,4.2,6.8,"11,399",205.6(7.5),11,7,"144,804","13,551",4,2,,
313,Saison 2020,7,Ziggs,6V,7 D,4.1,4.4,6.2,"11,883",217.7(7.2),9,7,"166,512","15,383",4,,,
314,Saison 2020,8,Karthus,5V,7 D,8.2,4.8,8.3,"11,825",188.7(6.9),20,9,"134,530","21,945",13,,,
315,Saison 2020,9,Twisted Fate,7V,4 D,5.1,4.7,7.1,"11,391",176.3(6.7),11,11,"122,395","18,691",4,,,
316,Saison 2020,10,Lissandra,3V,6 D,5.6,5.0,5.1,"10,371",179.3(6.8),15,9,"115,048","17,006",5,1,,
317,Saison 2020,11,Viktor,4V,4 D,8.9,5.3,7.3,"13,217",218.4(7.3),14,8,"166,271","16,927",11,2,,
318,Saison 2020,12,Kennen,2V,6 D,9.3,6.4,8.8,"12,551",172.1(5.7),21,10,"118,613","23,468",12,,,
319,Saison 2020,13,Cassiopeia,3V,4 D,4.4,4.3,3.4,"9,039",166.1(7.3),9,7,"86,205","15,728",2,,,
320,Saison 2020,14,Ashe,3V,4 D,7.0,5.7,11.,"12,627",200.3(6.2),12,9,"160,535","18,628",8,1,,
321,Saison 2020,15,Varus,1V,6 D,5.0,4.7,4.4,"10,317",185.6(7.1),14,12,"108,572","12,781",5,,,
322,Saison 2020,16,Orianna,4V,2 D,5.0,2.8,7.2,"10,403",188.7(7.4),9,5,"117,955","11,733",2,1,,
323,Saison 2020,17,Aurelion Sol,4V,0,5.3,2.5,12.,"10,931",168.3(6.1),9,5,"115,988","20,207",1,,,
324,Saison 2020,18,Kai'Sa,3V,1 D,5.8,4.8,9.3,"11,611",169.0(5.7),7,6,"124,243","18,268",,,,
325,Saison 2020,19,Kog'Maw,2V,2 D,6.3,6.0,10.,"13,159",228.8(6.6),10,8,"156,057","23,879",4,1,,
326,Saison 2020,20,Samira,1V,3 D,6.0,5.5,5.5,"12,143",230.3(7.4),11,8,"149,419","20,200",4,,,
327,Saison 2020,21,Sylas,1V,3 D,5.5,6.0,7.5,"9,453",142.3(5.4),14,8,"88,433","24,208",2,1,,
328,Saison 2020,22,Yone,1V,2 D,5.0,8.3,4.3,"11,546",195.0(6.1),7,10,"139,886","27,435",1,,,
329,Saison 2020,23,Ryze,0,2 D,2.0,3.0,1.0,"7,234",158.5(7.8),4,4,"77,438","11,247",,,,
330,Saison 2020,24,Jhin,0,2 D,4.0,4.0,4.5,"9,823",177.0(6.4),5,5,"111,862","12,790",,,,
331,Saison 2020,25,Jinx,0,2 D,5.0,4.5,3.0,"7,428",117.5(5.8),9,6,"60,034","10,518",1,,,
332,Saison 2020,26,Xerath,1V,0,0.0,0.0,3.0,"2,791",31.0(3.4),0,0,"17,383","1,400",,,,
333,Saison 2020,27,Sivir,0,1 D,7.0,6.0,16.,"16,763",285.0(7.7),7,6,"225,830","24,200",,,,
334,Saison 2020,28,Zilean,0,1 D,1.0,9.0,11.,"8,236",134.0(5.0),1,9,"77,300","19,593",,,,
335,Saison 2020,29,Ekko,0,1 D,3.0,8.0,11.,"11,926",202.0(5.5),3,8,"171,440","35,705",,,,
336,Saison 2020,30,Ahri,0,1 D,6.0,7.0,6.0,"9,672",162.0(6.1),6,7,"103,859","15,888",,,,
337,Saison 2020,31,Fiddlesticks,0,1 D,3.0,7.0,4.0,"7,651",118.0(4.8),3,7,"91,003","19,554",1,,,
338,Saison 2020,32,Caitlyn,0,1 D,7.0,3.0,10.,"15,149",257.0(7.4),7,3,"233,589","19,132",2,,,
339,Saison 2021,1,Akshan,109V,91 D,10.,/5.,/6.,"12,921",173.2(6.2),34,14,"127,830","19,631",270,43,16,3
340,Saison 2021,2,Lux,23V,17 D,6.7,4.4,7.6,"11,502",189.8(6.9),18,10,"132,126","11,990",29,3,,
341,Saison 2021,3,Ezreal,11V,13 D,7.0,3.9,5.5,"11,525",192.0(7.0),30,9,"128,300","17,059",27,1,,
342,Saison 2021,4,Anivia,7V,3 D,10.,/3.,/7.,"13,080",195.7(6.9),22,6,"142,339","19,644",16,2,,
343,Saison 2021,5,Kog'Maw,4V,3 D,8.7,5.6,8.9,"11,576",156.3(6.1),18,11,"104,896","17,965",9,,,
344,Saison 2021,6,Viktor,3V,1 D,7.3,3.3,5.5,"10,844",172.0(6.7),16,6,"111,315","12,508",5,1,,
345,Saison 2021,7,Sylas,1V,3 D,5.8,9.3,5.0,"12,019",182.3(5.6),11,12,"123,831","33,894",3,,,
346,Saison 2021,8,Rell,1V,1 D,5.0,3.5,22.,"10,817",47.5(1.4),10,5,"39,749","25,056",1,,,
347,Saison 2021,9,Séraphine,1V,1 D,9.0,4.0,17.,"13,442",187.5(6.2),10,5,"143,879","15,466",1,,,
348,Saison 2021,10,Vex,1V,0,6.0,7.0,12.,"16,686",293.0(7.2),6,7,"267,860","23,583",1,,,
349,Saison 2021,11,Veigar,1V,0,18.,/6.,/6.,"15,974",188.0(7.0),18,6,"152,373","17,360",4,,,
350,Saison 2021,12,Ashe,1V,0,13.,/6.,/16,"16,957",227.0(6.2),13,6,"215,370","25,841",1,,,
351,Saison 2021,13,Fizz,1V,0,10.,/7.,/17,"13,380",137.0(4.2),10,7,"87,553","28,123",,,,
352,Saison 2021,14,Diana,1V,0,10.,/4.,/8.,"17,521",287.0(7.3),10,4,"257,625","25,797",,,,
353,Saison 2021,15,Qiyana,0,1 D,4.0,7.0,2.0,"10,143",197.0(6.6),4,7,"119,463","19,962",,,,
354,Saison 2021,16,Caitlyn,0,1 D,8.0,3.0,5.0,"13,661",258.0(7.6),8,3,"192,095","20,733",,,,
355,Saison 2021,17,Ziggs,0,1 D,6.0,11.,/7.,"13,450",211.0(6.8),6,11,"154,474","23,410",,,,
356,Saison 2021,18,Cassiopeia,0,1 D,5.0,3.0,3.0,"9,298",179.0(7.8),5,3,"76,389","13,976",1,,,
357,Saison 2021,19,Camille,0,1 D,7.0,6.0,4.0,"12,397",208.0(6.2),7,6,"140,459","33,520",,,,
358,Saison 2021,20,Pyke,0,1 D,6.0,11.,/11,"9,978",38.0(1.2),6,11,"28,083","23,543",1,,,
359,Saison 2021,21,Kayn,0,1 D,1.0,10.,/6.,"5,789",79.0(3.6),1,10,"66,242","24,808",,,,
360,Saison 2021,22,Azir,0,1 D,9.0,6.0,3.0,"10,171",158.0(5.9),9,6,"108,256","17,501",2,,,
