"champion","winrate","nb_game","kd_rate","nb_kill_mobs","gold","ligue","role"
"Yorick",53.36,6602,1.65,165.87,11345,"Iron","Top"
"Urgot",52.71,11269,1.81,169.6,11759,"Iron","Top"
"Dr. Mundo",52.63,13357,2.16,149.74,10714,"Iron","Top"
"Zyra",52.52,9079,1.94,62.79,9652,"Iron","Support"
"Zac",51.98,3053,2.85,124.09,10199,"Iron","Jungle"
"Trundle",51.75,11255,2.06,139.78,11191,"Iron","Jungle"
"Brand",51.53,16372,1.78,64.88,10056,"Iron","Support"
"Xerath",51.12,14980,2.33,80.79,10280,"Iron","Mid"
"Maître Yi",51.06,26925,1.74,147.28,11898,"Iron","Jungle"
"Rammus",50.89,3653,2.29,122.6,10230,"Iron","Jungle"
"Garen",50.86,21381,1.91,156.55,11362,"Iron","Top"
"Malzahar",50.78,5022,1.95,163.98,11151,"Iron","Mid"
"Skarner",50.74,680,2.1,134.78,10282,"Iron","Jungle"
"Miss Fortune",50.64,42200,2.07,144.7,11246,"Iron","Bot"
"Blitzcrank",50.59,15037,2.19,30.73,7836,"Iron","Support"
"Sion",50.52,4101,1.62,158.36,10976,"Iron","Top"
"Nasus",50.43,13792,1.83,148.07,10904,"Iron","Top"
"Swain",50.31,6249,2.11,54.31,9703,"Iron","Support"
"Lux",50.29,54899,2.27,66.5,9538,"Iron","Mid"
"Vi",50.21,13327,1.95,137.55,11048,"Iron","Jungle"
"Maokai",50.14,1819,2.04,53.23,8307,"Iron","Support"
"Amumu",50.09,9533,2.19,123.45,10128,"Iron","Jungle"
"Sejuani",50.02,3127,2.41,132.5,10346,"Iron","Jungle"
"Lillia",49.93,5177,2.06,149.5,11093,"Iron","Jungle"
"Ornn",49.92,4708,2.02,137.56,9848,"Iron","Top"
"Illaoi",49.89,6995,1.47,159.53,11077,"Iron","Top"
"Warwick",49.82,27389,1.89,124.17,10931,"Iron","Jungle"
"Viktor",49.82,4872,1.98,146.5,10969,"Iron","Mid"
"Volibear",49.81,15260,1.89,133.23,10555,"Iron","Jungle"
"Leona",49.68,12658,2.1,32.11,7749,"Iron","Support"
"Veigar",49.64,23376,2.01,132.53,10696,"Iron","Mid"
"Diana",49.58,24401,1.95,154.79,11425,"Iron","Jungle"
"Morgana",49.56,30085,2.2,47.37,9108,"Iron","Support"
"Teemo",49.51,20834,1.61,143.76,10952,"Iron","Top"
"Viego",49.36,20089,1.9,141.72,11189,"Iron","Jungle"
"Sett",49.36,20017,1.63,134.65,10751,"Iron","Top"
"Vel'Koz",49.29,9105,2.05,83.94,9795,"Iron","Mid"
"Shyvana",49.24,4370,1.94,160.68,11320,"Iron","Jungle"
"Draven",49.21,4028,2.05,140.31,11832,"Iron","Bot"
"Neeko",49.16,7919,1.94,103.96,9824,"Iron","Mid"
"Fizz",49.12,6920,2.17,121.93,11053,"Iron","Mid"
"Jhin",49.03,20489,2.43,144.75,11068,"Iron","Bot"
"Ziggs",49.01,5587,1.99,138.53,10404,"Iron","Mid"
"Tristana",48.93,21509,1.91,146.35,11332,"Iron","Bot"
"Nami",48.84,6599,2.65,13.48,7916,"Iron","Support"
"Nautilus",48.78,10849,2.09,35.76,7926,"Iron","Support"
"Kayle",48.69,8388,1.7,164.35,11142,"Iron","Top"
"Karthus",48.68,2124,1.97,153.44,12110,"Iron","Jungle"
"Yone",48.66,30022,1.64,151.2,11202,"Iron","Mid"
"Cho'Gath",48.52,7813,1.9,138.35,10524,"Iron","Top"
"Shaco",48.5,12079,2.2,120.55,10893,"Iron","Jungle"
"Kog'Maw",48.42,2247,1.81,143.01,11291,"Iron","Bot"
"Rell",48.26,1237,2.06,33.28,7945,"Iron","Support"
"Tryndamere",48.23,14999,1.68,164.92,11665,"Iron","Top"
"Sona",48.2,6787,2.49,18.06,8003,"Iron","Support"
"Senna",48.19,20509,2.31,50.45,9941,"Iron","Support"
"Kled",48.19,1828,2.02,123.43,10569,"Iron","Top"
"Yasuo",48.17,28253,1.55,161.27,11502,"Iron","Mid"
"Cassiopeia",48.03,8264,1.79,139.64,10793,"Iron","Mid"
"Malphite",47.96,9515,2.11,106.27,9765,"Iron","Top"
"Twitch",47.94,8209,2.02,133.65,11291,"Iron","Bot"
"Kassadin",47.94,2868,2,127.2,10752,"Iron","Mid"
"Mordekaiser",47.86,19831,1.69,139.5,10813,"Iron","Top"
"Shen",47.83,5229,2.44,104.85,9309,"Iron","Top"
"Galio",47.83,4033,2.08,84.9,9059,"Iron","Support"
"Ekko",47.74,11160,1.99,136.22,10867,"Iron","Mid"
"Alistar",47.72,2364,2.04,34.62,7572,"Iron","Support"
"Kai'Sa",47.68,16241,2,155.58,11443,"Iron","Bot"
"Sivir",47.68,8395,2.04,157.7,10792,"Iron","Bot"
"Braum",47.68,2611,2.35,33.73,7871,"Iron","Support"
"Jax",47.48,16138,1.55,135.8,10895,"Iron","Top"
"Séraphine",47.42,11591,2.25,51.9,8899,"Iron","Support"
"Akali",47.36,24850,1.99,117.17,10399,"Iron","Mid"
"Pyke",47.32,17919,1.94,39.05,10525,"Iron","Support"
"Tahm Kench",47.27,5955,2.1,105.34,9657,"Iron","Top"
"Poppy",47.21,4279,1.9,122.94,9923,"Iron","Jungle"
"Rakan",47.18,5019,2.33,32.25,7772,"Iron","Support"
"Orianna",47.17,2283,2.17,138.42,10201,"Iron","Mid"
"Jinx",47.14,30756,1.95,148.26,10742,"Iron","Bot"
"Anivia",47.08,3923,2.03,119.51,10209,"Iron","Mid"
"Heimerdinger",47.07,5598,1.55,134.57,10236,"Iron","Mid"
"Ahri",47,17005,2.01,127.42,10133,"Iron","Mid"
"Xin Zhao",46.92,15646,1.84,133.93,10680,"Iron","Jungle"
"Samira",46.92,8722,1.77,144.61,11271,"Iron","Bot"
"Akshan",46.9,8781,1.79,147.68,11438,"Iron","Mid"
"Vayne",46.88,13658,1.67,138.15,10928,"Iron","Bot"
"Zeri",46.88,13207,1.96,152.49,11208,"Iron","Bot"
"Singed",46.8,2015,1.56,143.44,10344,"Iron","Top"
"Kayn",46.77,23484,1.8,149.45,11309,"Iron","Jungle"
"Hecarim",46.76,8988,2.23,145.22,10951,"Iron","Jungle"
"Pantheon",46.69,8708,1.77,80.02,9801,"Iron","Support"
"Irelia",46.66,15398,1.58,169.6,11614,"Iron","Top"
"Katarina",46.66,8407,1.9,123.07,11006,"Iron","Mid"
"Varus",46.57,5050,1.92,138.62,10683,"Iron","Bot"
"Wukong",46.43,3765,1.86,126.14,10391,"Iron","Top"
"Vex",46.4,17275,1.88,111.07,9915,"Iron","Mid"
"Ashe",46.4,15553,1.96,127.48,10259,"Iron","Bot"
"Jarvan IV",46.39,2964,2.46,135.27,10850,"Iron","Jungle"
"Quinn",46.37,2918,1.67,141.28,11176,"Iron","Top"
"Aphelios",46.26,6062,1.78,146.93,10870,"Iron","Bot"
"Kha'Zix",46.14,9552,1.85,137.21,11259,"Iron","Jungle"
"Janna",46.09,4114,2.42,19.55,7709,"Iron","Support"
"Nunu et Willump",46.07,6138,2.25,124.84,10057,"Iron","Jungle"
"Fiora",45.92,6537,1.6,137.45,10640,"Iron","Top"
"Graves",45.79,5315,1.85,168.58,11516,"Iron","Jungle"
"Lulu",45.79,4639,2.32,20.92,7646,"Iron","Support"
"Xayah",45.74,6060,1.85,148.71,10852,"Iron","Bot"
"Ezreal",45.73,15533,1.98,136.1,10854,"Iron","Bot"
"Camille",45.7,2967,1.66,127.53,10244,"Iron","Top"
"Qiyana",45.69,6259,1.71,130.68,10590,"Iron","Mid"
"Rumble",45.65,1321,1.74,138.05,10578,"Iron","Top"
"Kennen",45.54,3072,1.78,124.85,9962,"Iron","Top"
"Zilean",45.46,2534,2.22,52.25,8503,"Iron","Support"
"Lucian",45.41,7846,1.88,154.5,11353,"Iron","Bot"
"Kalista",45.3,1810,1.85,152.17,11331,"Iron","Bot"
"Syndra",45.28,3200,1.86,140.24,10368,"Iron","Mid"
"Taliyah",45.26,1003,1.82,114.47,10377,"Iron","Jungle"
"Corki",45.21,4032,1.73,156.28,11651,"Iron","Mid"
"Darius",45.13,13235,1.56,143.13,10579,"Iron","Top"
"Annie",45.08,4270,1.87,113.89,9929,"Iron","Mid"
"Renekton",44.86,7085,1.57,149.51,10500,"Iron","Top"
"Caitlyn",44.84,23981,1.82,146.08,10707,"Iron","Bot"
"Zoé",44.84,3243,1.97,107.93,9580,"Iron","Mid"
"Evelynn",44.79,5481,2.01,123.08,10779,"Iron","Jungle"
"Bard",44.71,2062,2.26,31.01,8294,"Iron","Support"
"Kindred",44.69,5673,1.67,141.27,11053,"Iron","Jungle"
"Nidalee",44.57,2872,1.83,101.61,9986,"Iron","Jungle"
"Jayce",44.3,4334,1.68,147.87,11089,"Iron","Top"
"Lissandra",44.25,1417,1.89,128.26,10076,"Iron","Mid"
"Gnar",44.19,3139,1.62,138.29,10207,"Iron","Top"
"Aurelion Sol",44.13,1090,1.77,121.18,9695,"Iron","Mid"
"LeBlanc",44.08,4467,2.1,104.15,9560,"Iron","Mid"
"Zed",44.07,12034,1.83,136.78,11045,"Iron","Mid"
"Sylas",44.07,10373,1.68,106.62,9911,"Iron","Mid"
"Elise",44.05,1151,1.77,113.67,10136,"Iron","Jungle"
"Gangplank",43.85,3512,1.66,165.29,12038,"Iron","Top"
"Gwen",43.77,8737,1.54,145.08,10485,"Iron","Top"
"Talon",43.76,5553,1.71,136.3,10925,"Iron","Mid"
"Olaf",43.7,3030,1.6,134.35,10446,"Iron","Jungle"
"Rengar",43.62,3945,1.67,133.51,11393,"Iron","Jungle"
"Riven",43.5,3869,1.57,139.86,10403,"Iron","Top"
"Vladimir",43.48,2486,1.82,138.35,10330,"Iron","Mid"
"Thresh",43.38,7223,1.92,37.15,7766,"Iron","Support"
"Udyr",43.37,2285,1.74,146.51,10689,"Iron","Jungle"
"Karma",43.24,4540,2.05,38.51,8282,"Iron","Support"
"Ivern",42.83,934,2.04,111.55,9182,"Iron","Jungle"
"Azir",42.8,1014,1.44,135.85,9872,"Iron","Mid"
"Gragas",42.47,2517,1.75,116.55,9458,"Iron","Top"
"Aatrox",42.37,3972,1.48,134.21,9957,"Iron","Top"
"Soraka",42.29,10536,1.92,14.79,6900,"Iron","Support"
"Fiddlesticks",42.04,3975,1.83,135.19,10176,"Iron","Jungle"
"Twisted Fate",41.71,2213,1.47,120.03,10112,"Iron","Mid"
"Rek'Sai",41.63,1326,1.58,121.51,10281,"Iron","Jungle"
"Lee Sin",41.53,11524,1.85,127.18,10515,"Iron","Jungle"
"Taric",41.29,1957,1.84,29.5,6932,"Iron","Support"
"Yuumi",40.51,18627,3.4,5.42,7007,"Iron","Support"
"Ryze",38.52,3354,1.58,151.65,10055,"Iron","Mid"
"Yorick",53.15,49109,1.7,184.96,12042,"Bronze","Top"
"Urgot",52.92,67909,1.97,187.68,12544,"Bronze","Top"
"Dr. Mundo",52.85,73507,2.39,169.09,11424,"Bronze","Top"
"Garen",52.49,135503,2.19,177.7,12321,"Bronze","Top"
"Maître Yi",51.97,136782,1.9,160.43,12609,"Bronze","Jungle"
"Zyra",51.92,69475,2.1,63.21,9937,"Bronze","Support"
"Trundle",51.82,82425,2.25,154.05,11764,"Bronze","Jungle"
"Zac",51.78,34864,3.23,133.59,10739,"Bronze","Jungle"
"Sona",51.63,40061,2.81,18.72,8366,"Bronze","Support"
"Brand",51.58,104865,1.88,73.05,10495,"Bronze","Support"
"Miss Fortune",51.36,210965,2.3,167.41,12184,"Bronze","Bot"
"Amumu",51.3,68176,2.45,137.36,10753,"Bronze","Jungle"
"Ziggs",51.26,33768,2.32,161.39,11440,"Bronze","Mid"
"Nasus",51.24,85074,2.03,166.98,11650,"Bronze","Top"
"Blitzcrank",51.15,87008,2.39,33.52,8098,"Bronze","Support"
"Veigar",51.02,142610,2.25,156.27,11709,"Bronze","Mid"
"Sion",51.02,35955,1.65,179.29,11712,"Bronze","Top"
"Malzahar",50.97,48946,2.14,184.6,11992,"Bronze","Mid"
"Vi",50.9,83241,2.21,148.42,11564,"Bronze","Jungle"
"Rammus",50.9,28214,2.55,129.77,10656,"Bronze","Jungle"
"Shyvana",50.86,28983,2.25,177.32,12001,"Bronze","Jungle"
"Fizz",50.81,50833,2.37,138.42,11793,"Bronze","Mid"
"Kayle",50.6,50186,1.87,191.24,12125,"Bronze","Top"
"Swain",50.57,49431,2.26,57.59,10025,"Bronze","Support"
"Xerath",50.42,93080,2.57,93.69,10863,"Bronze","Mid"
"Vel'Koz",50.41,59791,2.26,99.63,10472,"Bronze","Mid"
"Singed",50.34,15547,1.81,164.68,11091,"Bronze","Top"
"Lillia",50.29,34861,2.25,167.02,11839,"Bronze","Jungle"
"Lux",50.27,309506,2.5,76.19,10010,"Bronze","Mid"
"Teemo",50.25,109055,1.72,164.33,11828,"Bronze","Top"
"Warwick",50.2,111119,2.1,135.78,11488,"Bronze","Jungle"
"Sivir",50.17,46215,2.38,184.94,11940,"Bronze","Bot"
"Nami",50.15,58595,2.96,13.7,8205,"Bronze","Support"
"Diana",50.14,149688,2.16,170.21,12184,"Bronze","Jungle"
"Jhin",50.04,176219,2.74,168.35,12129,"Bronze","Bot"
"Neeko",50,38109,2.15,120.27,10476,"Bronze","Mid"
"Sejuani",50,27812,2.77,145.37,10982,"Bronze","Jungle"
"Skarner",49.94,5385,2.5,138.54,10484,"Bronze","Jungle"
"Viktor",49.9,47165,2.18,170.37,11812,"Bronze","Mid"
"Morgana",49.89,152050,2.39,51.16,9411,"Bronze","Support"
"Shaco",49.88,82058,2.47,130.1,11600,"Bronze","Jungle"
"Ornn",49.88,34073,2.2,153.64,10425,"Bronze","Top"
"Heimerdinger",49.84,25339,1.73,152.19,11082,"Bronze","Mid"
"Volibear",49.82,83190,2.15,147.06,11204,"Bronze","Jungle"
"Shen",49.8,49969,2.76,122.05,9917,"Bronze","Top"
"Rell",49.77,11061,2.29,33.88,8032,"Bronze","Support"
"Tristana",49.75,124883,2.2,169.19,12312,"Bronze","Bot"
"Zilean",49.74,24696,2.69,60.13,8927,"Bronze","Support"
"Mordekaiser",49.73,94894,1.87,159.24,11554,"Bronze","Top"
"Yasuo",49.71,166258,1.68,184.07,12376,"Bronze","Mid"
"Nunu et Willump",49.68,40610,2.6,135.26,10640,"Bronze","Jungle"
"Sett",49.66,100785,1.77,150.42,11388,"Bronze","Top"
"Illaoi",49.66,37308,1.53,182.46,11827,"Bronze","Top"
"Cho'Gath",49.6,45773,2.14,157.56,11310,"Bronze","Top"
"Maokai",49.6,12586,2.22,58.33,8745,"Bronze","Support"
"Yone",49.57,145898,1.78,174.41,12138,"Bronze","Mid"
"Cassiopeia",49.48,47736,1.95,165.18,11671,"Bronze","Mid"
"Ahri",49.45,107412,2.31,147.54,11006,"Bronze","Mid"
"Ekko",49.39,77643,2.27,153.73,11725,"Bronze","Mid"
"Soraka",49.38,56509,2.52,19.48,7671,"Bronze","Support"
"Vayne",49.37,118649,1.93,163.4,11974,"Bronze","Bot"
"Anivia",49.34,28805,2.33,146.86,11209,"Bronze","Mid"
"Malphite",49.28,66000,2.36,121.31,10292,"Bronze","Top"
"Leona",49.13,100881,2.3,34.54,8023,"Bronze","Support"
"Nautilus",49.04,82813,2.28,38.55,8131,"Bronze","Support"
"Kog'Maw",48.97,13525,2.07,166.15,12258,"Bronze","Bot"
"Akshan",48.91,55050,2,165.49,12426,"Bronze","Mid"
"Janna",48.86,37776,2.77,17.9,7877,"Bronze","Support"
"Senna",48.81,132242,2.5,58.49,10504,"Bronze","Support"
"Braum",48.76,22066,2.66,34.13,8003,"Bronze","Support"
"Viego",48.75,109301,2.1,154.95,11862,"Bronze","Jungle"
"Alistar",48.75,22586,2.35,37.17,7996,"Bronze","Support"
"Twitch",48.65,60696,2.28,151.01,12295,"Bronze","Bot"
"Galio",48.61,27728,2.33,94.1,9469,"Bronze","Support"
"Zeri",48.55,102223,2.2,177.43,12198,"Bronze","Bot"
"Hecarim",48.54,61302,2.58,156.45,11621,"Bronze","Jungle"
"Annie",48.53,29647,2.16,132.96,10859,"Bronze","Mid"
"Séraphine",48.48,52592,2.4,57.06,9222,"Bronze","Support"
"Udyr",48.4,15201,2.15,160.33,11279,"Bronze","Jungle"
"Tahm Kench",48.37,42988,2.37,118.48,10198,"Bronze","Top"
"Irelia",48.35,82339,1.73,196.61,12755,"Bronze","Top"
"Xin Zhao",48.35,74008,2.08,146.87,11305,"Bronze","Jungle"
"Draven",48.28,31638,2.06,166.45,12727,"Bronze","Bot"
"Tryndamere",48.21,84319,1.78,190.48,12658,"Bronze","Top"
"Quinn",48.21,19644,1.84,160.95,12043,"Bronze","Top"
"Jinx",48.13,204399,2.21,174.81,11780,"Bronze","Bot"
"Aurelion Sol",48.1,6164,2.14,139.51,10512,"Bronze","Mid"
"Akali",48.08,129072,2.21,136.47,11247,"Bronze","Mid"
"Kayn",48.06,131306,2.07,163.37,12135,"Bronze","Jungle"
"Wukong",48.01,22835,2.12,149.33,11408,"Bronze","Top"
"Ashe",48,77242,2.21,149.59,11179,"Bronze","Bot"
"Fiora",47.98,42471,1.72,163.64,11612,"Bronze","Top"
"Pyke",47.97,103373,2.06,42.29,11205,"Bronze","Support"
"Katarina",47.96,59161,2.1,141.5,11876,"Bronze","Mid"
"Kled",47.94,11586,2.2,145.37,11546,"Bronze","Top"
"Kai'Sa",47.82,102952,2.22,177.1,12282,"Bronze","Bot"
"Rakan",47.77,36222,2.57,34.76,7945,"Bronze","Support"
"Graves",47.64,43650,2.07,186.38,12294,"Bronze","Jungle"
"Lissandra",47.58,15919,2.16,151.44,10940,"Bronze","Mid"
"Karthus",47.58,12929,2.16,172.28,12713,"Bronze","Jungle"
"Xayah",47.57,35469,2.16,176.29,11977,"Bronze","Bot"
"Jax",47.51,79698,1.65,157.47,11704,"Bronze","Top"
"Jarvan IV",47.46,27389,2.83,142.96,11358,"Bronze","Jungle"
"Fiddlesticks",47.44,25485,2.27,148.74,11075,"Bronze","Jungle"
"Pantheon",47.35,44819,1.95,90.16,10420,"Bronze","Support"
"Samira",47.2,55587,1.99,168.37,12256,"Bronze","Bot"
"Varus",47.14,26789,2.17,162.1,11704,"Bronze","Bot"
"Poppy",47.06,29353,2.19,133.81,10506,"Bronze","Jungle"
"Kha'Zix",47.03,60105,2.14,148.91,11944,"Bronze","Jungle"
"Ezreal",46.94,135717,2.29,163.59,11996,"Bronze","Bot"
"Vladimir",46.89,24453,2.02,164.14,11293,"Bronze","Mid"
"Kassadin",46.89,22165,2.18,148.3,11516,"Bronze","Mid"
"Yuumi",46.87,78983,4.1,6.67,7807,"Bronze","Support"
"Corki",46.87,39842,1.98,179.64,12693,"Bronze","Mid"
"Vex",46.86,88073,2.12,125.97,10657,"Bronze","Mid"
"Lulu",46.72,50870,2.68,20.01,7901,"Bronze","Support"
"Taric",46.71,10558,2.41,40.3,7823,"Bronze","Support"
"Darius",46.64,79956,1.74,164.73,11553,"Bronze","Top"
"Bard",46.64,15561,2.54,27.01,8473,"Bronze","Support"
"Zed",46.4,77759,2.08,156.22,12033,"Bronze","Mid"
"Evelynn",46.39,30053,2.4,135.21,11601,"Bronze","Jungle"
"Caitlyn",46.2,165852,2.08,169.99,11730,"Bronze","Bot"
"Lucian",46.2,63318,2.13,179.07,12323,"Bronze","Bot"
"Gnar",46.18,23009,1.83,158.46,10986,"Bronze","Top"
"Kennen",46.16,16675,1.95,145.53,10722,"Bronze","Top"
"Orianna",46.14,22531,2.43,160.94,10919,"Bronze","Mid"
"Kalista",46.13,12053,2.04,173.43,12274,"Bronze","Bot"
"Elise",46.12,10476,2.06,127.71,10906,"Bronze","Jungle"
"Sylas",45.99,55033,1.9,125.86,10797,"Bronze","Mid"
"Rumble",45.94,9763,1.96,154.43,11204,"Bronze","Top"
"Aphelios",45.89,33876,1.92,170.57,11694,"Bronze","Bot"
"Syndra",45.83,27523,2.12,161.12,11236,"Bronze","Mid"
"Taliyah",45.81,7297,1.99,124.44,11047,"Bronze","Jungle"
"Karma",45.77,41588,2.37,43.86,8681,"Bronze","Support"
"Camille",45.65,24080,1.75,147.37,10904,"Bronze","Top"
"Jayce",45.59,29332,1.84,170.56,12126,"Bronze","Top"
"Talon",45.45,24876,1.92,154.86,11963,"Bronze","Mid"
"Kindred",45.36,30331,1.86,156.34,11880,"Bronze","Jungle"
"Gangplank",45.3,42524,1.86,188.22,13186,"Bronze","Top"
"Ivern",45.03,6349,2.46,109.78,9244,"Bronze","Jungle"
"Riven",44.83,27811,1.77,164.82,11399,"Bronze","Top"
"Gwen",44.61,55095,1.7,166.13,11368,"Bronze","Top"
"Thresh",44.46,64027,2.22,37.8,8002,"Bronze","Support"
"LeBlanc",44.44,30538,2.42,124.28,10524,"Bronze","Mid"
"Zoé",44.39,18803,2.15,124.94,10314,"Bronze","Mid"
"Renekton",44.36,35531,1.73,172.41,11338,"Bronze","Top"
"Qiyana",44.23,36861,1.9,147.59,11450,"Bronze","Mid"
"Aatrox",44.09,24146,1.69,155.54,10826,"Bronze","Top"
"Rengar",43.64,24255,1.84,149.33,12119,"Bronze","Jungle"
"Gragas",43.48,18099,2.01,129.68,9934,"Bronze","Top"
"Rek'Sai",43.36,11493,1.93,135.49,11286,"Bronze","Jungle"
"Olaf",43.31,15196,1.83,151.46,11279,"Bronze","Jungle"
"Twisted Fate",43.17,16575,1.76,135.56,10809,"Bronze","Mid"
"Lee Sin",43.02,72835,2.15,138.3,11133,"Bronze","Jungle"
"Nidalee",42.6,14890,2.06,119.67,10575,"Bronze","Jungle"
"Ryze",42.11,22578,1.86,181.94,11190,"Bronze","Mid"
"Azir",41.76,7655,1.69,159.26,10768,"Bronze","Mid"
"Garen",54.66,234488,2.26,196.52,12963,"Silver","Top"
"Dr. Mundo",53.82,97183,2.42,184.69,11909,"Silver","Top"
"Urgot",53.47,109516,1.97,201.44,12977,"Silver","Top"
"Sona",53.3,67427,2.95,18.89,8458,"Silver","Support"
"Yorick",52.94,81342,1.61,199.75,12422,"Silver","Top"
"Soraka",52.92,107400,2.75,21.8,7886,"Silver","Support"
"Kayle",52.88,92733,1.97,212.82,12796,"Silver","Top"
"Zyra",52.87,118674,2.1,61.43,10016,"Silver","Support"
"Trundle",52.84,137860,2.34,166.51,12163,"Silver","Jungle"
"Veigar",52.72,243070,2.36,174.9,12280,"Silver","Mid"
"Rammus",52.63,53570,2.77,135.26,10899,"Silver","Jungle"
"Maître Yi",52.51,190758,1.99,169.85,13006,"Silver","Jungle"
"Blitzcrank",52.47,135456,2.51,35.19,8233,"Silver","Support"
"Vi",52.47,133209,2.36,157.64,11952,"Silver","Jungle"
"Ziggs",52.47,55061,2.4,182.56,12088,"Silver","Mid"
"Fizz",52.42,94786,2.44,152.93,12251,"Silver","Mid"
"Nasus",52.31,126888,2.07,180.94,12078,"Silver","Top"
"Zac",52.21,85361,3.43,140.96,11046,"Silver","Jungle"
"Vayne",52.08,266359,2.07,181.25,12583,"Silver","Bot"
"Mordekaiser",52.04,127621,1.96,176.35,12165,"Silver","Top"
"Shyvana",52.03,56804,2.42,190.94,12488,"Silver","Jungle"
"Malzahar",52.02,100453,2.17,197.05,12277,"Silver","Mid"
"Sivir",52,68162,2.53,206.16,12668,"Silver","Bot"
"Brand",51.96,163022,1.87,79.22,10657,"Silver","Support"
"Warwick",51.89,133198,2.26,146.03,11892,"Silver","Jungle"
"Ahri",51.79,214563,2.48,165.2,11648,"Silver","Mid"
"Amumu",51.79,104385,2.58,145.7,11045,"Silver","Jungle"
"Miss Fortune",51.77,235951,2.36,184.09,12748,"Silver","Bot"
"Sejuani",51.7,57006,3.03,152.15,11280,"Silver","Jungle"
"Cassiopeia",51.66,80570,2.02,186.68,12225,"Silver","Mid"
"Xerath",51.65,173687,2.72,106.2,11280,"Silver","Mid"
"Tristana",51.6,186296,2.33,187.1,12947,"Silver","Bot"
"Janna",51.59,110895,3.02,17.43,7941,"Silver","Support"
"Singed",51.59,37752,1.96,178.23,11496,"Silver","Top"
"Vel'Koz",51.55,99156,2.37,115.9,10896,"Silver","Mid"
"Nunu et Willump",51.53,76183,2.84,141.82,10951,"Silver","Jungle"
"Skarner",51.53,12797,2.69,148.25,10847,"Silver","Jungle"
"Shaco",51.5,162961,2.62,136.9,12020,"Silver","Jungle"
"Lux",51.46,444861,2.66,89.21,10437,"Silver","Mid"
"Jhin",51.44,388835,2.88,184.16,12688,"Silver","Bot"
"Nami",51.44,137357,3.13,13.8,8378,"Silver","Support"
"Anivia",51.41,61700,2.49,172.44,11912,"Silver","Mid"
"Diana",51.39,269793,2.26,181.68,12615,"Silver","Jungle"
"Kog'Maw",51.32,28287,2.19,185.21,12831,"Silver","Bot"
"Ornn",51.23,60087,2.3,164.73,10754,"Silver","Top"
"Volibear",51.22,126546,2.23,159.5,11668,"Silver","Jungle"
"Teemo",51.2,150017,1.73,179.49,12351,"Silver","Top"
"Viktor",51.17,126615,2.29,187.54,12331,"Silver","Mid"
"Swain",51.02,71655,2.28,62.91,10214,"Silver","Support"
"Sion",50.99,93998,1.53,196.52,12218,"Silver","Top"
"Heimerdinger",50.98,32042,1.81,164.17,11533,"Silver","Mid"
"Quinn",50.92,39150,1.89,173.28,12535,"Silver","Top"
"Senna",50.91,247922,2.61,61.22,10788,"Silver","Support"
"Zilean",50.87,66859,2.97,66.15,9086,"Silver","Support"
"Annie",50.85,50935,2.29,148.01,11374,"Silver","Mid"
"Morgana",50.8,191194,2.5,54.95,9600,"Silver","Support"
"Shen",50.76,101745,2.89,134.9,10253,"Silver","Top"
"Ekko",50.75,148799,2.44,166.12,12223,"Silver","Mid"
"Akshan",50.75,109204,2.08,177.15,12944,"Silver","Mid"
"Neeko",50.75,46044,2.21,132.15,10961,"Silver","Mid"
"Cho'Gath",50.61,72865,2.19,171.67,11725,"Silver","Top"
"Malphite",50.6,111041,2.48,137.15,10664,"Silver","Top"
"Maokai",50.6,23317,2.25,62.04,8980,"Silver","Support"
"Illaoi",50.55,47640,1.49,202.89,12470,"Silver","Top"
"Zeri",50.53,241022,2.31,193.45,12752,"Silver","Bot"
"Lillia",50.52,63452,2.4,179.54,12233,"Silver","Jungle"
"Sett",50.49,139625,1.8,163.93,11833,"Silver","Top"
"Kled",50.49,23969,2.29,159.76,12028,"Silver","Top"
"Hecarim",50.45,127195,2.83,165.91,12098,"Silver","Jungle"
"Yasuo",50.44,281132,1.7,200.51,12805,"Silver","Mid"
"Twitch",50.42,138957,2.35,160.33,12744,"Silver","Bot"
"Kha'Zix",50.41,130332,2.38,158.78,12488,"Silver","Jungle"
"Tahm Kench",50.3,67145,2.52,125.42,10445,"Silver","Top"
"Fiddlesticks",50.19,53404,2.53,158.09,11574,"Silver","Jungle"
"Taric",50.19,19806,2.65,46.54,8207,"Silver","Support"
"Yone",50.17,216563,1.79,192.72,12686,"Silver","Mid"
"Jinx",50.1,388145,2.35,194.08,12421,"Silver","Bot"
"Nautilus",50.1,138871,2.38,40.27,8238,"Silver","Support"
"Leona",50.06,155650,2.41,36.34,8154,"Silver","Support"
"Irelia",50.02,146890,1.75,214.19,13322,"Silver","Top"
"Braum",50,41666,2.8,35.23,8074,"Silver","Support"
"Séraphine",49.97,74039,2.53,68.77,9578,"Silver","Support"
"Xin Zhao",49.96,115614,2.24,156.67,11714,"Silver","Jungle"
"Ashe",49.88,112557,2.34,164.52,11667,"Silver","Bot"
"Kassadin",49.85,53530,2.34,166.43,12042,"Silver","Mid"
"Fiora",49.73,88674,1.76,181.24,12197,"Silver","Top"
"Tryndamere",49.72,141769,1.81,210.77,13348,"Silver","Top"
"Wukong",49.69,40096,2.19,164.69,12003,"Silver","Top"
"Galio",49.65,45896,2.45,101.19,9665,"Silver","Support"
"Vladimir",49.64,67314,2.18,183.7,11909,"Silver","Mid"
"Graves",49.63,108156,2.13,199.61,12800,"Silver","Jungle"
"Poppy",49.52,58687,2.38,142.09,10916,"Silver","Jungle"
"Lulu",49.5,143202,2.96,19.82,8031,"Silver","Support"
"Viego",49.45,185486,2.23,162.99,12224,"Silver","Jungle"
"Alistar",49.45,50356,2.47,36.89,8068,"Silver","Support"
"Udyr",49.39,30407,2.33,174.36,11781,"Silver","Jungle"
"Kayn",49.38,212235,2.22,172.58,12579,"Silver","Jungle"
"Lissandra",49.33,42213,2.26,166.2,11397,"Silver","Mid"
"Rell",49.31,19846,2.33,34.79,8096,"Silver","Support"
"Pyke",49.3,168601,2.14,45.15,11626,"Silver","Support"
"Yuumi",49.3,138707,4.21,7.23,8116,"Silver","Support"
"Jax",49.17,118619,1.67,177.13,12276,"Silver","Top"
"Zed",49.16,149269,2.19,169.84,12554,"Silver","Mid"
"Draven",49.16,74107,2.03,184.45,13353,"Silver","Bot"
"Katarina",49.11,122360,2.17,154.16,12275,"Silver","Mid"
"Akali",49.1,193618,2.26,152.08,11688,"Silver","Mid"
"Jarvan IV",49.03,70506,3.02,148.56,11626,"Silver","Jungle"
"Aurelion Sol",49.03,12634,2.25,155.65,11035,"Silver","Mid"
"Kai'Sa",49.02,200286,2.34,193.51,12846,"Silver","Bot"
"Xayah",48.99,60391,2.29,195.16,12642,"Silver","Bot"
"Darius",48.83,140767,1.8,183.51,12231,"Silver","Top"
"Rakan",48.83,64047,2.75,36.39,8058,"Silver","Support"
"Pantheon",48.81,63476,2.05,102.44,10906,"Silver","Support"
"Evelynn",48.79,55781,2.66,143.51,12094,"Silver","Jungle"
"Vex",48.69,147348,2.26,141.01,11213,"Silver","Mid"
"Bard",48.6,41274,2.8,27.52,8679,"Silver","Support"
"Riven",48.59,66443,1.93,183.36,12078,"Silver","Top"
"Ezreal",48.36,300443,2.37,181.06,12604,"Silver","Bot"
"Camille",48.24,58703,1.85,163.81,11567,"Silver","Top"
"Taliyah",48.09,15097,2.19,129.18,11495,"Silver","Jungle"
"Caitlyn",48.03,293629,2.2,187.78,12404,"Silver","Bot"
"Talon",48.02,39589,2.07,171.16,12723,"Silver","Mid"
"Ivern",47.96,15326,2.86,116.47,9534,"Silver","Jungle"
"Karthus",47.88,29491,2.21,187.07,13064,"Silver","Jungle"
"Gnar",47.83,48738,1.89,174.34,11545,"Silver","Top"
"Lucian",47.75,128120,2.2,195.35,12890,"Silver","Bot"
"Corki",47.67,102736,2.04,194.46,13150,"Silver","Mid"
"Karma",47.66,97904,2.57,46.83,8857,"Silver","Support"
"Orianna",47.66,52170,2.55,176.1,11352,"Silver","Mid"
"Elise",47.65,26354,2.28,135.23,11261,"Silver","Jungle"
"Samira",47.52,103649,2.07,183.71,12833,"Silver","Bot"
"Varus",47.5,40521,2.24,180.62,12358,"Silver","Bot"
"Kindred",47.49,53763,2.01,167.18,12396,"Silver","Jungle"
"Kennen",47.42,26619,2,162.04,11203,"Silver","Top"
"Kalista",47.41,22419,2.11,191.31,12917,"Silver","Bot"
"Rengar",47.19,54117,2.01,161.88,12653,"Silver","Jungle"
"Sylas",47.18,99249,1.99,139.7,11244,"Silver","Mid"
"Jayce",47.06,65267,1.89,186.27,12727,"Silver","Top"
"Syndra",47,59088,2.18,175.66,11733,"Silver","Mid"
"Gangplank",46.66,118376,1.93,202.98,13908,"Silver","Top"
"Zoé",46.63,32948,2.3,141.31,10960,"Silver","Mid"
"Qiyana",46.62,80395,2.04,159.07,12021,"Silver","Mid"
"LeBlanc",46.32,63642,2.56,138.25,11031,"Silver","Mid"
"Gwen",46.29,112825,1.79,182.69,12009,"Silver","Top"
"Aatrox",46.25,53634,1.84,172.05,11509,"Silver","Top"
"Thresh",46.23,142674,2.4,37.66,8103,"Silver","Support"
"Rek'Sai",46.23,27419,2.18,145.43,11901,"Silver","Jungle"
"Rumble",46.05,20601,2.05,167.37,11649,"Silver","Top"
"Gragas",45.78,45081,2.21,142.96,10408,"Silver","Top"
"Renekton",45.77,63733,1.82,190.66,12019,"Silver","Top"
"Olaf",45.73,23198,2.02,164.89,11887,"Silver","Jungle"
"Aphelios",45.66,67378,1.95,185.75,12167,"Silver","Bot"
"Lee Sin",45,163448,2.36,146.78,11549,"Silver","Jungle"
"Twisted Fate",44.51,39960,1.93,150.2,11336,"Silver","Mid"
"Nidalee",44.45,28656,2.29,137.43,11158,"Silver","Jungle"
"Ryze",43.3,43394,1.96,202.12,11783,"Silver","Mid"
"Azir",43.3,16640,1.89,177.48,11373,"Silver","Mid"
"Garen",54.55,170040,2.21,204.67,13025,"Gold","Top"
"Sona",53.48,54766,3,18.56,8344,"Gold","Support"
"Urgot",53.37,73333,1.96,207.12,13018,"Gold","Top"
"Dr. Mundo",53.34,55283,2.35,192.27,11953,"Gold","Top"
"Soraka",53.18,91093,2.81,23.1,7812,"Gold","Support"
"Kayle",53.11,74198,1.96,222.18,12909,"Gold","Top"
"Vayne",52.99,232583,2.14,189.33,12667,"Gold","Bot"
"Zyra",52.89,75254,2.1,57.85,9850,"Gold","Support"
"Veigar",52.84,185523,2.38,185.54,12373,"Gold","Mid"
"Ahri",52.81,194472,2.56,174.52,11803,"Gold","Mid"
"Trundle",52.78,96098,2.34,171.93,12154,"Gold","Jungle"
"Blitzcrank",52.67,102060,2.55,35.02,8182,"Gold","Support"
"Rammus",52.65,36604,2.88,137.57,10861,"Gold","Jungle"
"Ziggs",52.53,39610,2.46,195.04,12303,"Gold","Mid"
"Fizz",52.51,65514,2.44,162.09,12262,"Gold","Mid"
"Singed",52.43,34178,2.06,183.36,11546,"Gold","Top"
"Warwick",52.41,78500,2.29,149.93,11845,"Gold","Jungle"
"Janna",52.37,123860,3.14,17.35,7874,"Gold","Support"
"Cassiopeia",52.35,65215,2.03,198.19,12370,"Gold","Mid"
"Vi",52.34,89431,2.43,160.7,11914,"Gold","Jungle"
"Anivia",52.3,56472,2.55,184.77,12090,"Gold","Mid"
"Nunu et Willump",52.27,67089,2.93,143.49,10899,"Gold","Jungle"
"Yorick",52.25,51649,1.52,207.07,12467,"Gold","Top"
"Senna",52.21,205924,2.69,60.78,10760,"Gold","Support"
"Kha'Zix",52.19,125966,2.52,162.86,12579,"Gold","Jungle"
"Quinn",52.19,34251,1.9,178.26,12571,"Gold","Top"
"Maître Yi",52.11,120794,2.03,172.72,12986,"Gold","Jungle"
"Zac",52.07,79169,3.5,144.76,11068,"Gold","Jungle"
"Nasus",52.03,79134,2.02,186.2,12048,"Gold","Top"
"Shaco",52,119372,2.69,139.67,12043,"Gold","Jungle"
"Jhin",51.99,329921,2.96,192,12757,"Gold","Bot"
"Sivir",51.97,42719,2.55,215.47,12818,"Gold","Bot"
"Kog'Maw",51.9,23852,2.2,193.87,13001,"Gold","Bot"
"Nami",51.82,135520,3.19,13.86,8358,"Gold","Support"
"Shen",51.78,80277,2.94,144.74,10337,"Gold","Top"
"Amumu",51.69,61268,2.6,148.86,11035,"Gold","Jungle"
"Malzahar",51.65,67436,2.15,202.66,12189,"Gold","Mid"
"Akshan",51.62,95089,2.1,183.14,12997,"Gold","Mid"
"Mordekaiser",51.62,78064,1.95,184.03,12179,"Gold","Top"
"Tristana",51.61,113139,2.37,195.26,13056,"Gold","Bot"
"Volibear",51.61,89875,2.27,165.94,11755,"Gold","Jungle"
"Heimerdinger",51.61,21421,1.84,170.03,11581,"Gold","Mid"
"Diana",51.6,209362,2.33,186.27,12680,"Gold","Jungle"
"Zilean",51.57,75429,3.14,69.91,9006,"Gold","Support"
"Skarner",51.57,10363,2.79,151.68,10826,"Gold","Jungle"
"Sejuani",51.54,45615,3.12,154.72,11267,"Gold","Jungle"
"Xerath",51.48,142315,2.78,113.64,11333,"Gold","Mid"
"Twitch",51.48,127105,2.37,163.79,12755,"Gold","Bot"
"Ekko",51.48,126557,2.51,172.89,12336,"Gold","Mid"
"Ornn",51.47,48508,2.36,171.35,10833,"Gold","Top"
"Fiddlesticks",51.45,48249,2.65,159.87,11569,"Gold","Jungle"
"Annie",51.42,34542,2.33,155.15,11464,"Gold","Mid"
"Shyvana",51.41,42177,2.49,197.06,12550,"Gold","Jungle"
"Zeri",51.26,227511,2.37,201.15,12909,"Gold","Bot"
"Miss Fortune",51.26,112801,2.35,190.94,12805,"Gold","Bot"
"Cho'Gath",51.25,50252,2.2,180.64,11816,"Gold","Top"
"Maokai",51.19,16742,2.26,63.44,8961,"Gold","Support"
"Hecarim",51.12,116193,2.95,170.13,12182,"Gold","Jungle"
"Malphite",51.12,75710,2.49,149.43,10711,"Gold","Top"
"Kled",51.1,21116,2.36,169.35,12189,"Gold","Top"
"Brand",51.08,100376,1.84,79.54,10536,"Gold","Support"
"Kassadin",51.06,53095,2.42,178.15,12181,"Gold","Mid"
"Riven",51.01,66217,2,192.66,12325,"Gold","Top"
"Viktor",51,126309,2.28,197.19,12422,"Gold","Mid"
"Vel'Koz",50.94,69939,2.39,125.54,10942,"Gold","Mid"
"Lux",50.93,273059,2.7,96.71,10501,"Gold","Mid"
"Tahm Kench",50.91,42597,2.56,124.96,10234,"Gold","Top"
"Udyr",50.9,25707,2.53,181.29,11933,"Gold","Jungle"
"Neeko",50.89,27993,2.21,136.48,11027,"Gold","Mid"
"Jinx",50.87,323656,2.41,202.49,12555,"Gold","Bot"
"Teemo",50.85,83745,1.71,185.88,12403,"Gold","Top"
"Morgana",50.79,109668,2.54,52.38,9414,"Gold","Support"
"Vladimir",50.77,66812,2.3,193.44,12080,"Gold","Mid"
"Lulu",50.66,145768,3.13,19.7,7992,"Gold","Support"
"Illaoi",50.64,29968,1.41,213.08,12636,"Gold","Top"
"Fiora",50.6,78845,1.74,188.85,12305,"Gold","Top"
"Xin Zhao",50.54,96097,2.32,159.23,11709,"Gold","Jungle"
"Ashe",50.45,74553,2.39,170.87,11745,"Gold","Bot"
"Zed",50.44,120034,2.27,177.4,12675,"Gold","Mid"
"Leona",50.4,98244,2.44,36.44,8068,"Gold","Support"
"Sion",50.38,94097,1.46,204.46,12309,"Gold","Top"
"Lillia",50.38,47963,2.47,186,12321,"Gold","Jungle"
"Kayn",50.36,157658,2.31,176.21,12619,"Gold","Jungle"
"Taric",50.36,14973,2.73,48.84,8158,"Gold","Support"
"Aurelion Sol",50.36,11462,2.39,166.89,11251,"Gold","Mid"
"Tryndamere",50.34,101449,1.81,218.66,13451,"Gold","Top"
"Wukong",50.33,33163,2.19,171.84,12099,"Gold","Top"
"Swain",50.31,41283,2.31,70.9,10213,"Gold","Support"
"Bard",50.15,44233,2.98,26.36,8636,"Gold","Support"
"Sett",50.13,98634,1.78,170.73,11905,"Gold","Top"
"Yone",50.12,155224,1.77,201.3,12735,"Gold","Mid"
"Graves",50.08,105760,2.15,205.41,12877,"Gold","Jungle"
"Yasuo",50.07,192682,1.69,208.36,12820,"Gold","Mid"
"Irelia",50.06,115346,1.71,221.61,13344,"Gold","Top"
"Viego",50.01,156827,2.32,165.63,12244,"Gold","Jungle"
"Xayah",49.98,51352,2.37,204.27,12807,"Gold","Bot"
"Pyke",49.95,138093,2.18,45.32,11576,"Gold","Support"
"Darius",49.93,105265,1.83,191.92,12372,"Gold","Top"
"Nautilus",49.91,96906,2.38,39.82,8135,"Gold","Support"
"Rek'Sai",49.91,29276,2.4,150.11,12149,"Gold","Jungle"
"Katarina",49.88,93401,2.22,161.25,12363,"Gold","Mid"
"Poppy",49.88,49214,2.42,145.63,10952,"Gold","Jungle"
"Alistar",49.87,40529,2.54,36.09,7985,"Gold","Support"
"Séraphine",49.85,54464,2.62,83.77,9703,"Gold","Support"
"Vex",49.83,109510,2.36,151.62,11400,"Gold","Mid"
"Evelynn",49.78,46524,2.8,148.88,12216,"Gold","Jungle"
"Braum",49.72,31151,2.87,35.02,7994,"Gold","Support"
"Camille",49.69,62803,1.91,172.27,11725,"Gold","Top"
"Jarvan IV",49.62,70717,3.14,150.35,11640,"Gold","Jungle"
"Talon",49.52,32233,2.16,178.7,12917,"Gold","Mid"
"Rell",49.5,15756,2.39,34.25,8072,"Gold","Support"
"Draven",49.49,69018,2.01,193.22,13493,"Gold","Bot"
"Lissandra",49.49,39620,2.33,174.68,11528,"Gold","Mid"
"Kai'Sa",49.47,176462,2.4,200.58,12904,"Gold","Bot"
"Rakan",49.45,54147,2.87,36.41,7995,"Gold","Support"
"Jax",49.39,82179,1.62,186.45,12350,"Gold","Top"
"Gnar",49.26,46513,1.92,183.84,11743,"Gold","Top"
"Galio",49.23,29636,2.51,109.13,9719,"Gold","Support"
"Pantheon",49.19,42348,2.06,109.83,10976,"Gold","Support"
"Yuumi",49.16,113422,4.16,7.09,8042,"Gold","Support"
"Elise",49.14,27815,2.41,137.83,11360,"Gold","Jungle"
"Akali",49.08,139096,2.27,160.93,11724,"Gold","Mid"
"Taliyah",49.05,14514,2.32,135.35,11660,"Gold","Jungle"
"Kindred",49.04,41894,2.12,172.17,12542,"Gold","Jungle"
"Rengar",48.93,50110,2.11,167.57,12811,"Gold","Jungle"
"Caitlyn",48.85,216187,2.25,196.35,12589,"Gold","Bot"
"Ivern",48.69,15314,3.11,116.07,9429,"Gold","Jungle"
"Karma",48.57,99579,2.68,46.27,8790,"Gold","Support"
"Lucian",48.55,102772,2.23,202.67,12994,"Gold","Bot"
"Qiyana",48.53,80007,2.12,165.06,12241,"Gold","Mid"
"Zoé",48.5,28419,2.45,151.99,11239,"Gold","Mid"
"Ezreal",48.39,243276,2.39,190.63,12764,"Gold","Bot"
"Sylas",48.36,83404,2.05,148.43,11381,"Gold","Mid"
"Samira",48.27,84924,2.13,190.75,13010,"Gold","Bot"
"Aatrox",48.16,57168,1.93,179.56,11758,"Gold","Top"
"Gwen",48.11,103895,1.87,190.47,12228,"Gold","Top"
"Orianna",47.95,45174,2.59,185.35,11466,"Gold","Mid"
"Corki",47.9,90922,2.07,203.19,13258,"Gold","Mid"
"Kalista",47.83,18040,2.16,199.19,13047,"Gold","Bot"
"Rumble",47.79,16484,2.16,173.57,11819,"Gold","Top"
"Syndra",47.61,47699,2.19,184.95,11841,"Gold","Mid"
"Varus",47.51,28216,2.27,189.79,12542,"Gold","Bot"
"Thresh",47.49,126613,2.5,36.84,8058,"Gold","Support"
"Jayce",47.4,59086,1.85,195.12,12844,"Gold","Top"
"Karthus",47.24,29174,2.24,197.59,13255,"Gold","Jungle"
"Kennen",47.22,19724,2.04,171.59,11405,"Gold","Top"
"Gangplank",47.18,110203,1.96,209.76,14091,"Gold","Top"
"LeBlanc",46.94,54050,2.64,146.56,11199,"Gold","Mid"
"Nidalee",46.83,25838,2.5,149.39,11565,"Gold","Jungle"
"Renekton",46.52,51712,1.83,198.14,12190,"Gold","Top"
"Olaf",46.47,17083,2.11,171.02,12070,"Gold","Jungle"
"Gragas",46.33,46095,2.29,149.95,10543,"Gold","Top"
"Twisted Fate",46.04,38985,2.06,157.57,11470,"Gold","Mid"
"Lee Sin",45.97,152630,2.5,149.51,11599,"Gold","Jungle"
"Azir",44.98,15669,2,189.91,11736,"Gold","Mid"
"Aphelios",44.92,65426,1.95,192.98,12233,"Gold","Bot"
"Ryze",43.8,35236,2.02,211.84,11960,"Gold","Mid"
"Garen",53.78,67779,2.13,207.05,12815,"Platinium","Top"
"Soraka",53.56,47885,2.86,25.03,7656,"Platinium","Support"
"Ahri",53.41,99686,2.65,179.51,11775,"Platinium","Mid"
"Janna",53.37,73522,3.25,16.98,7742,"Platinium","Support"
"Kha'Zix",53.31,72187,2.63,163.58,12462,"Platinium","Jungle"
"Urgot",53.11,26858,1.93,207.63,12856,"Platinium","Top"
"Fizz",53.08,29056,2.48,168.64,12212,"Platinium","Mid"
"Senna",53.06,96166,2.77,59.25,10576,"Platinium","Support"
"Sona",53.05,27908,3.03,17.95,8103,"Platinium","Support"
"Vayne",53.03,109016,2.15,191.99,12497,"Platinium","Bot"
"Blitzcrank",52.91,46785,2.57,34.18,8015,"Platinium","Support"
"Anivia",52.91,27680,2.57,187.59,11953,"Platinium","Mid"
"Cassiopeia",52.86,31649,2.04,201.63,12251,"Platinium","Mid"
"Vi",52.82,29775,2.49,161.69,11790,"Platinium","Jungle"
"Kayle",52.8,34904,1.92,223.15,12706,"Platinium","Top"
"Dr. Mundo",52.78,19890,2.27,193.7,11719,"Platinium","Top"
"Veigar",52.66,86451,2.37,189.46,12211,"Platinium","Mid"
"Nunu et Willump",52.63,37746,3.02,142.83,10666,"Platinium","Jungle"
"Skarner",52.52,5297,2.89,155.32,10827,"Platinium","Jungle"
"Riven",52.51,39500,2.04,196.88,12268,"Platinium","Top"
"Zeri",52.41,114742,2.42,204.01,12840,"Platinium","Bot"
"Quinn",52.4,16196,1.93,180.14,12452,"Platinium","Top"
"Rek'Sai",52.34,19661,2.54,150.74,12027,"Platinium","Jungle"
"Shen",52.33,34838,2.96,149.1,10216,"Platinium","Top"
"Zac",52.26,42224,3.54,146.31,10930,"Platinium","Jungle"
"Trundle",52.26,37502,2.32,171.81,11928,"Platinium","Jungle"
"Warwick",52.21,29486,2.3,151.68,11586,"Platinium","Jungle"
"Singed",52.19,17345,2.14,181.9,11316,"Platinium","Top"
"Tahm Kench",52.19,16687,2.63,120.52,9888,"Platinium","Top"
"Mordekaiser",52.16,29326,1.92,186.56,11993,"Platinium","Top"
"Zyra",52.12,27027,2.08,54.88,9622,"Platinium","Support"
"Ornn",52.06,24438,2.4,173.96,10683,"Platinium","Top"
"Shaco",52.04,46485,2.76,142.47,11924,"Platinium","Jungle"
"Zilean",52,48583,3.24,71.9,8811,"Platinium","Support"
"Fiddlesticks",51.98,24501,2.72,158.75,11373,"Platinium","Jungle"
"Jhin",51.94,157182,3.01,195.47,12601,"Platinium","Bot"
"Rammus",51.94,13532,2.98,137.62,10660,"Platinium","Jungle"
"Ziggs",51.91,16063,2.44,202.05,12299,"Platinium","Mid"
"Akshan",51.9,49680,2.11,186.01,12935,"Platinium","Mid"
"Twitch",51.84,65650,2.37,166.33,12599,"Platinium","Bot"
"Volibear",51.72,37020,2.28,166.85,11592,"Platinium","Jungle"
"Kassadin",51.7,31884,2.48,184,12108,"Platinium","Mid"
"Maokai",51.66,7277,2.22,59.26,8766,"Platinium","Support"
"Sejuani",51.62,20216,3.18,155.87,11118,"Platinium","Jungle"
"Diana",51.6,94636,2.39,186.71,12537,"Platinium","Jungle"
"Vel'Koz",51.58,27300,2.44,133.56,10857,"Platinium","Mid"
"Nami",51.51,77176,3.24,13.61,8230,"Platinium","Support"
"Kog'Maw",51.5,11823,2.18,197.4,12872,"Platinium","Bot"
"Hecarim",51.47,63692,3.02,172.88,12147,"Platinium","Jungle"
"Cho'Gath",51.46,20880,2.17,182.99,11606,"Platinium","Top"
"Jinx",51.38,164647,2.43,205.7,12462,"Platinium","Bot"
"Tristana",51.38,43575,2.39,198.4,12898,"Platinium","Bot"
"Kled",51.32,11747,2.34,171.85,12040,"Platinium","Top"
"Fiora",51.31,41732,1.72,191.74,12226,"Platinium","Top"
"Lulu",51.3,77211,3.2,19.49,7868,"Platinium","Support"
"Yorick",51.22,17186,1.45,208.72,12313,"Platinium","Top"
"Ekko",51.2,60569,2.59,176.24,12279,"Platinium","Mid"
"Xin Zhao",51.11,49718,2.38,159.21,11584,"Platinium","Jungle"
"Vladimir",51.11,38120,2.38,197.26,11985,"Platinium","Mid"
"Rengar",51.11,26223,2.22,169.19,12753,"Platinium","Jungle"
"Malzahar",51.09,23137,2.12,203.01,11921,"Platinium","Mid"
"Malphite",51.07,30231,2.46,156.46,10515,"Platinium","Top"
"Zed",51.06,55474,2.31,181.29,12578,"Platinium","Mid"
"Heimerdinger",51.05,8751,1.84,170.98,11475,"Platinium","Mid"
"Sivir",51.04,15574,2.53,220.9,12814,"Platinium","Bot"
"Nasus",51.03,27719,1.93,185.48,11737,"Platinium","Top"
"Ashe",51.02,28987,2.41,175.23,11622,"Platinium","Bot"
"Annie",51.01,12409,2.36,157.82,11262,"Platinium","Mid"
"Maître Yi",50.95,40618,2.06,172.08,12813,"Platinium","Jungle"
"Tryndamere",50.89,42343,1.83,219.09,13297,"Platinium","Top"
"Kayn",50.86,67806,2.4,178.34,12571,"Platinium","Jungle"
"Viktor",50.83,66751,2.28,201.66,12273,"Platinium","Mid"
"Katarina",50.82,44544,2.31,164.28,12269,"Platinium","Mid"
"Bard",50.82,26807,3.07,24.99,8466,"Platinium","Support"
"Xerath",50.72,64462,2.83,119.62,11239,"Platinium","Mid"
"Taric",50.7,6805,2.8,48.18,7992,"Platinium","Support"
"Taliyah",50.63,8896,2.42,135.98,11590,"Platinium","Jungle"
"Kindred",50.61,21846,2.25,174.24,12536,"Platinium","Jungle"
"Camille",50.59,41032,1.92,175.61,11668,"Platinium","Top"
"Miss Fortune",50.58,30912,2.36,194.56,12694,"Platinium","Bot"
"Illaoi",50.55,12329,1.35,217.75,12609,"Platinium","Top"
"Evelynn",50.53,23006,2.96,150.65,12100,"Platinium","Jungle"
"Udyr",50.46,10533,2.64,181.92,11738,"Platinium","Jungle"
"Talon",50.44,15861,2.24,181.46,12869,"Platinium","Mid"
"Poppy",50.43,22122,2.47,146.77,10838,"Platinium","Jungle"
"Alistar",50.42,18530,2.59,35.33,7815,"Platinium","Support"
"Graves",50.4,57549,2.18,207.34,12806,"Platinium","Jungle"
"Irelia",50.4,53769,1.68,223.28,13171,"Platinium","Top"
"Yasuo",50.39,81176,1.73,210.09,12648,"Platinium","Mid"
"Pyke",50.38,67686,2.24,45.51,11369,"Platinium","Support"
"Aurelion Sol",50.37,6156,2.55,173.34,11342,"Platinium","Mid"
"Xayah",50.36,25939,2.38,208.3,12705,"Platinium","Bot"
"Lissandra",50.35,20424,2.35,180,11422,"Platinium","Mid"
"Teemo",50.33,24767,1.69,189.91,12262,"Platinium","Top"
"Lux",50.31,96058,2.74,101.25,10408,"Platinium","Mid"
"Amumu",50.27,17544,2.54,146.86,10803,"Platinium","Jungle"
"Neeko",50.27,10390,2.17,138.85,10927,"Platinium","Mid"
"Draven",50.24,41039,2.01,196.37,13418,"Platinium","Bot"
"Vex",50.2,47184,2.4,157.15,11338,"Platinium","Mid"
"Leona",50.2,40652,2.41,35.75,7855,"Platinium","Support"
"Swain",50.2,14431,2.37,86.81,10298,"Platinium","Support"
"Shyvana",50.12,16242,2.46,198.33,12421,"Platinium","Jungle"
"Kai'Sa",50.1,84834,2.44,203.29,12768,"Platinium","Bot"
"Darius",50.09,48433,1.85,195.39,12283,"Platinium","Top"
"Morgana",50.05,36611,2.57,49.01,9121,"Platinium","Support"
"Sett",50.03,42305,1.78,172.01,11722,"Platinium","Top"
"Rell",50,8126,2.45,33.84,7914,"Platinium","Support"
"Rakan",49.99,29665,2.97,35.9,7865,"Platinium","Support"
"Braum",49.98,13344,2.89,34.28,7814,"Platinium","Support"
"Lillia",49.96,20008,2.59,189.18,12260,"Platinium","Jungle"
"Wukong",49.95,15815,2.1,173.68,11903,"Platinium","Top"
"Galio",49.95,12738,2.59,111.79,9605,"Platinium","Support"
"Qiyana",49.93,48896,2.21,167.41,12277,"Platinium","Mid"
"Jarvan IV",49.92,39931,3.22,150.19,11497,"Platinium","Jungle"
"Pantheon",49.83,17681,2.1,119.1,11047,"Platinium","Support"
"Yone",49.82,70695,1.75,204.62,12597,"Platinium","Mid"
"Séraphine",49.82,26375,2.69,101.87,9796,"Platinium","Support"
"Brand",49.8,37128,1.83,82.5,10418,"Platinium","Support"
"Sylas",49.79,46554,2.1,152.71,11309,"Platinium","Mid"
"Jax",49.72,36191,1.58,189.79,12231,"Platinium","Top"
"Aatrox",49.67,35563,1.97,182.31,11705,"Platinium","Top"
"Nautilus",49.62,40756,2.36,37.98,7916,"Platinium","Support"
"Viego",49.61,78812,2.39,165.55,12140,"Platinium","Jungle"
"Zoé",49.57,15741,2.53,158.54,11332,"Platinium","Mid"
"Gnar",49.55,23507,1.92,187.83,11646,"Platinium","Top"
"Elise",49.54,14805,2.51,135.81,11204,"Platinium","Jungle"
"Karma",49.53,61317,2.78,45.45,8617,"Platinium","Support"
"Sion",49.52,43534,1.43,207.34,12149,"Platinium","Top"
"Akali",49.36,64062,2.29,166.36,11652,"Platinium","Mid"
"Olaf",49.21,8329,2.25,173.03,12022,"Platinium","Jungle"
"Lucian",49.2,44459,2.21,204.2,12827,"Platinium","Bot"
"Caitlyn",49.15,90321,2.27,199.82,12507,"Platinium","Bot"
"Ivern",49.02,9840,3.25,117.15,9279,"Platinium","Jungle"
"Gwen",48.84,54590,1.93,193.07,12214,"Platinium","Top"
"Nidalee",48.75,14328,2.76,156.97,11660,"Platinium","Jungle"
"Kalista",48.72,9112,2.21,203.14,13002,"Platinium","Bot"
"Yuumi",48.7,56395,4.13,6.78,7897,"Platinium","Support"
"Ezreal",48.58,109233,2.37,194.83,12626,"Platinium","Bot"
"Orianna",48.45,22617,2.6,192.3,11445,"Platinium","Mid"
"Samira",48.28,38174,2.14,192.11,12896,"Platinium","Bot"
"Jayce",48.04,32070,1.83,198.76,12722,"Platinium","Top"
"Gragas",48.03,27478,2.35,154.22,10529,"Platinium","Top"
"Rumble",47.99,8365,2.24,175,11734,"Platinium","Top"
"Gangplank",47.96,49421,2,212.09,14064,"Platinium","Top"
"Thresh",47.87,61216,2.56,35.45,7881,"Platinium","Support"
"Kennen",47.78,8735,2.01,176,11300,"Platinium","Top"
"Karthus",47.75,19652,2.24,199.35,13124,"Platinium","Jungle"
"LeBlanc",47.73,25797,2.7,151.81,11158,"Platinium","Mid"
"Corki",47.53,39510,2.08,207.91,13134,"Platinium","Mid"
"Lee Sin",47.32,80586,2.63,150.3,11545,"Platinium","Jungle"
"Syndra",47.25,23517,2.18,189.08,11724,"Platinium","Mid"
"Twisted Fate",47.17,19798,2.19,162.62,11478,"Platinium","Mid"
"Varus",47,12714,2.29,194.12,12502,"Platinium","Bot"
"Azir",46.96,8428,2.12,196.2,11857,"Platinium","Mid"
"Renekton",46.81,24559,1.82,200.41,12130,"Platinium","Top"
"Aphelios",45.36,40498,1.98,195.15,12136,"Platinium","Bot"
"Ryze",44.54,17414,2.1,214.58,11851,"Platinium","Mid"
"Janna",53.27,29783,3.35,16.63,7559,"Diamond","Support"
"Riven",53.25,14804,2.05,195.72,11970,"Diamond","Top"
"Rek'Sai",52.99,10025,2.63,149.35,11762,"Diamond","Jungle"
"Quinn",52.94,5652,1.94,176.36,12211,"Diamond","Top"
"Fizz",52.92,8694,2.49,169.48,11808,"Diamond","Mid"
"Rengar",52.88,10107,2.39,168.12,12569,"Diamond","Jungle"
"Ahri",52.76,31239,2.68,179.77,11493,"Diamond","Mid"
"Blitzcrank",52.76,15355,2.57,32.51,7733,"Diamond","Support"
"Zeri",52.6,40330,2.43,203.31,12573,"Diamond","Bot"
"Fiddlesticks",52.58,9194,2.88,160.2,11143,"Diamond","Jungle"
"Soraka",52.51,17056,2.87,27.99,7482,"Diamond","Support"
"Garen",52.51,15388,2.03,204.39,12378,"Diamond","Top"
"Senna",52.42,30098,2.79,56.89,10200,"Diamond","Support"
"Kha'Zix",52.41,25932,2.7,162.52,12136,"Diamond","Jungle"
"Rammus",52.36,3396,3.07,134.34,10388,"Diamond","Jungle"
"Sona",52.31,11178,3,17,7799,"Diamond","Support"
"Anivia",52.31,8510,2.52,181.87,11472,"Diamond","Mid"
"Tahm Kench",52.3,4516,2.6,104.72,9195,"Diamond","Top"
"Shen",52.21,11242,2.96,147.96,9826,"Diamond","Top"
"Skarner",52.16,1994,2.85,158.7,10635,"Diamond","Jungle"
"Aurelion Sol",52.08,2481,2.56,178.75,11309,"Diamond","Mid"
"Vayne",52.02,33647,2.12,190.51,12117,"Diamond","Bot"
"Singed",52.02,7387,2.14,174.41,10828,"Diamond","Top"
"Diana",52,30638,2.49,185.14,12304,"Diamond","Jungle"
"Cassiopeia",51.98,11962,2.04,199.9,11915,"Diamond","Mid"
"Urgot",51.97,8691,1.87,204.69,12488,"Diamond","Top"
"Heimerdinger",51.91,3084,1.99,162.56,11180,"Diamond","Mid"
"Taliyah",51.86,3683,2.68,144.79,11521,"Diamond","Jungle"
"Vi",51.81,6487,2.55,160.62,11506,"Diamond","Jungle"
"Kled",51.8,4629,2.3,167.14,11597,"Diamond","Top"
"Tryndamere",51.79,15257,1.88,213.75,12858,"Diamond","Top"
"Qiyana",51.78,21026,2.29,166.81,12142,"Diamond","Mid"
"Veigar",51.73,30849,2.35,190.4,11907,"Diamond","Mid"
"Trundle",51.72,10882,2.28,165.94,11442,"Diamond","Jungle"
"Bard",51.54,12176,3.23,22.35,8262,"Diamond","Support"
"Akshan",51.53,17907,2.09,184.98,12568,"Diamond","Mid"
"Zyra",51.5,6847,2.12,53.7,9293,"Diamond","Support"
"Pantheon",51.45,5118,2.04,123.37,10855,"Diamond","Support"
"Nunu et Willump",51.44,13062,2.99,139.77,10388,"Diamond","Jungle"
"Kayn",51.42,19584,2.48,179.75,12491,"Diamond","Jungle"
"Dr. Mundo",51.4,5477,2.17,190.97,11331,"Diamond","Top"
"Rell",51.4,3438,2.46,32.8,7646,"Diamond","Support"
"Tristana",51.37,12996,2.39,197.84,12569,"Diamond","Bot"
"Elise",51.33,5833,2.67,132.94,10889,"Diamond","Jungle"
"Jhin",51.32,52512,3.04,194.66,12138,"Diamond","Bot"
"Katarina",51.31,13803,2.43,166.58,12109,"Diamond","Mid"
"Xin Zhao",51.24,20705,2.45,155.92,11236,"Diamond","Jungle"
"Warwick",51.22,6416,2.16,151.78,11218,"Diamond","Jungle"
"Kog'Maw",51.21,4476,2.16,196.33,12417,"Diamond","Bot"
"Rumble",51.15,3574,2.52,173.72,11642,"Diamond","Top"
"Lissandra",51.14,6267,2.39,179.51,11108,"Diamond","Mid"
"Ziggs",51.13,4917,2.47,202.05,12030,"Diamond","Mid"
"Fiora",51.12,15566,1.72,188.86,11875,"Diamond","Top"
"Zilean",51.11,20574,3.27,70.84,8480,"Diamond","Support"
"Twitch",51.1,22037,2.32,163.3,12232,"Diamond","Bot"
"Ekko",51.1,20869,2.66,178.29,12085,"Diamond","Mid"
"Kassadin",51.09,12856,2.49,186.16,11844,"Diamond","Mid"
"Maître Yi",51.09,8600,2.13,167.45,12484,"Diamond","Jungle"
"Jinx",51.07,61297,2.41,204.84,12145,"Diamond","Bot"
"Kayle",51.07,10353,1.91,219.54,12314,"Diamond","Top"
"Annie",51,3802,2.32,155.1,10855,"Diamond","Mid"
"Zac",50.99,14243,3.46,143.7,10539,"Diamond","Jungle"
"Talon",50.99,7521,2.35,183.46,12616,"Diamond","Mid"
"Braum",50.96,4580,2.96,33.43,7610,"Diamond","Support"
"Kindred",50.85,7798,2.35,171.55,12314,"Diamond","Jungle"
"Cho'Gath",50.83,5825,2.11,184.85,11309,"Diamond","Top"
"Lulu",50.8,30175,3.18,18.77,7666,"Diamond","Support"
"Aatrox",50.8,15171,1.95,180.4,11353,"Diamond","Top"
"Zoé",50.77,7321,2.64,160.77,11029,"Diamond","Mid"
"Vladimir",50.73,12368,2.46,198.8,11688,"Diamond","Mid"
"Maokai",50.73,2823,2.11,55.52,8517,"Diamond","Support"
"Sejuani",50.68,5337,3.24,151.72,10685,"Diamond","Jungle"
"Zed",50.65,19183,2.36,180.92,12250,"Diamond","Mid"
"Darius",50.63,15414,1.86,195.15,11990,"Diamond","Top"
"Nami",50.58,26841,3.23,13.28,8044,"Diamond","Support"
"Taric",50.52,2484,2.85,42.34,7744,"Diamond","Support"
"Kai'Sa",50.49,29484,2.49,204.04,12550,"Diamond","Bot"
"Sylas",50.45,18515,2.14,155.23,11104,"Diamond","Mid"
"Volibear",50.45,11967,2.34,163.86,11232,"Diamond","Jungle"
"Hecarim",50.44,21842,3.06,171.65,11852,"Diamond","Jungle"
"Xayah",50.43,8454,2.37,207.31,12404,"Diamond","Bot"
"Ivern",50.42,4415,3.53,113.68,8971,"Diamond","Jungle"
"Shaco",50.4,11567,2.78,141.47,11568,"Diamond","Jungle"
"Mordekaiser",50.39,7293,1.81,185.59,11562,"Diamond","Top"
"Sivir",50.37,3931,2.45,220.17,12486,"Diamond","Bot"
"Kalista",50.35,3021,2.24,201.92,12795,"Diamond","Bot"
"Evelynn",50.3,7080,3.12,152.12,11825,"Diamond","Jungle"
"Amumu",50.25,4026,2.48,136.77,10357,"Diamond","Jungle"
"Camille",50.22,18238,1.91,175.99,11449,"Diamond","Top"
"Wukong",50.18,6038,2.11,172.84,11582,"Diamond","Top"
"Graves",50.11,22379,2.22,206.84,12506,"Diamond","Jungle"
"Yasuo",50.1,24270,1.76,208.29,12296,"Diamond","Mid"
"Pyke",50.1,23349,2.25,46.36,11046,"Diamond","Support"
"Malphite",50.1,9280,2.37,155.67,10079,"Diamond","Top"
"Nidalee",50.1,7539,2.98,159.14,11595,"Diamond","Jungle"
"Irelia",50.05,18396,1.64,220.85,12793,"Diamond","Top"
"Yorick",49.96,4027,1.44,209.12,12026,"Diamond","Top"
"Yone",49.95,23638,1.76,205.89,12322,"Diamond","Mid"
"Ornn",49.88,9639,2.39,171.16,10247,"Diamond","Top"
"Rakan",49.83,13746,3.04,34.05,7663,"Diamond","Support"
"Gwen",49.73,23972,2.04,192.38,12038,"Diamond","Top"
"Swain",49.71,3607,2.42,91.98,10094,"Diamond","Support"
"Gnar",49.64,8387,1.84,188.24,11348,"Diamond","Top"
"Séraphine",49.6,8779,2.76,117.15,9692,"Diamond","Support"
"Alistar",49.59,5656,2.54,33.45,7510,"Diamond","Support"
"Nasus",49.58,6262,1.88,181.68,11302,"Diamond","Top"
"Jax",49.54,12122,1.55,189.3,11888,"Diamond","Top"
"Poppy",49.51,7991,2.45,144.1,10431,"Diamond","Jungle"
"Vel'Koz",49.51,7108,2.42,137.69,10677,"Diamond","Mid"
"Sett",49.49,13627,1.73,169.66,11345,"Diamond","Top"
"Miss Fortune",49.49,6644,2.27,194.68,12360,"Diamond","Bot"
"Leona",49.48,13475,2.38,34.59,7575,"Diamond","Support"
"Xerath",49.47,18375,2.86,122.64,10951,"Diamond","Mid"
"Viktor",49.45,24689,2.2,201.91,11887,"Diamond","Mid"
"Nautilus",49.44,15228,2.33,36.47,7630,"Diamond","Support"
"Vex",49.39,15182,2.42,159.58,11003,"Diamond","Mid"
"Sion",49.32,13103,1.44,202.13,11736,"Diamond","Top"
"Udyr",49.3,3698,2.76,188.6,11847,"Diamond","Jungle"
"Galio",49.26,4655,2.7,117.77,9393,"Diamond","Support"
"Lux",49.21,23101,2.72,97.48,10045,"Diamond","Mid"
"Akali",49.11,22616,2.27,168.96,11408,"Diamond","Mid"
"Ashe",49.11,7646,2.32,170.3,11099,"Diamond","Bot"
"Twisted Fate",49.05,7401,2.3,160.12,11127,"Diamond","Mid"
"Morgana",48.99,8482,2.58,42.16,8687,"Diamond","Support"
"Karma",48.98,28545,2.84,42.61,8344,"Diamond","Support"
"Malzahar",48.94,6692,2.1,202.23,11519,"Diamond","Mid"
"Viego",48.92,31320,2.48,163.06,11844,"Diamond","Jungle"
"Draven",48.88,16510,1.98,197.69,13257,"Diamond","Bot"
"Karthus",48.76,10641,2.24,201.18,12924,"Diamond","Jungle"
"Orianna",48.69,8226,2.62,192.76,11161,"Diamond","Mid"
"Caitlyn",48.67,25903,2.27,198.14,12133,"Diamond","Bot"
"Kennen",48.66,3138,2,176.82,11044,"Diamond","Top"
"Neeko",48.66,2834,2.07,148.14,10763,"Diamond","Mid"
"Yuumi",48.65,22900,4.19,6.38,7666,"Diamond","Support"
"Jarvan IV",48.64,14339,3.2,146.7,11130,"Diamond","Jungle"
"Lucian",48.5,12791,2.16,203.47,12430,"Diamond","Bot"
"Gragas",48.48,11622,2.35,154,10263,"Diamond","Top"
"Illaoi",48.39,2075,1.31,215.64,12277,"Diamond","Top"
"Shyvana",48.35,3907,2.45,196.29,12118,"Diamond","Jungle"
"Ezreal",48.32,36371,2.31,194.67,12216,"Diamond","Bot"
"Olaf",48.26,3711,2.22,173.94,11773,"Diamond","Jungle"
"LeBlanc",48.17,9136,2.8,154.24,11011,"Diamond","Mid"
"Renekton",48.14,9208,1.84,198.39,11859,"Diamond","Top"
"Samira",48.1,10367,2.16,190.55,12593,"Diamond","Bot"
"Thresh",48.05,22538,2.6,33.95,7595,"Diamond","Support"
"Azir",48.03,2942,2.14,191.6,11485,"Diamond","Mid"
"Lillia",47.91,5266,2.64,188.71,11974,"Diamond","Jungle"
"Gangplank",47.84,12446,1.99,210.87,13658,"Diamond","Top"
"Brand",47.8,8828,1.76,82.87,10155,"Diamond","Support"
"Syndra",47.69,8251,2.18,191.2,11445,"Diamond","Mid"
"Lee Sin",47.67,32397,2.75,149.54,11360,"Diamond","Jungle"
"Jayce",47.54,11970,1.74,200.01,12323,"Diamond","Top"
"Teemo",47.47,5119,1.66,192.59,11952,"Diamond","Top"
"Corki",47.31,12079,2.1,208.81,12766,"Diamond","Mid"
"Varus",46.33,4185,2.27,194.6,12162,"Diamond","Bot"
"Aphelios",46.07,18348,2,194.99,11891,"Diamond","Bot"
"Ryze",45.68,7255,2.17,213.26,11615,"Diamond","Mid"
"Pantheon",58.08,897,2.19,127.99,10658,"Master","Support"
"Rek'Sai",57.54,2671,2.7,148.8,11495,"Master","Jungle"
"Janna",57.14,5975,3.45,15.77,7400,"Master","Support"
"Zyra",57.13,989,2.39,42.22,8659,"Master","Support"
"Fiddlesticks",57.06,892,2.88,154.98,10871,"Master","Jungle"
"Illaoi",56.97,674,1.36,225.24,12317,"Master","Top"
"Zeri",56.5,9154,2.54,201.94,12350,"Master","Bot"
"Rell",56.43,824,2.71,31.21,7427,"Master","Support"
"Anivia",56.14,1637,2.62,176.23,11103,"Master","Mid"
"Cassiopeia",55.88,2740,2.03,195.76,11597,"Master","Mid"
"Kha'Zix",55.82,4631,2.86,161.6,11932,"Master","Jungle"
"Ahri",55.78,5884,2.84,181.87,11338,"Master","Mid"
"Bard",55.78,2976,3.32,21.09,7983,"Master","Support"
"Soraka",55.64,3357,2.97,32.16,7377,"Master","Support"
"Elise",55.56,1206,2.79,129.02,10654,"Master","Jungle"
"Qiyana",55.48,4178,2.43,165.82,11918,"Master","Mid"
"Kindred",55.48,2601,2.48,167.07,11983,"Master","Jungle"
"Kled",55.45,725,2.19,174.52,11509,"Master","Top"
"Annie",55.41,453,2.47,155.28,10633,"Master","Mid"
"Ziggs",55.23,1329,2.64,208.55,12021,"Master","Mid"
"Evelynn",55.09,1445,3.4,153.8,11743,"Master","Jungle"
"Riven",55.02,3755,2.08,193.61,11651,"Master","Top"
"Lulu",55,6274,3.34,19.02,7628,"Master","Support"
"Tryndamere",54.97,3449,2,212.87,12638,"Master","Top"
"Neeko",54.94,526,2.3,151.19,10856,"Master","Mid"
"Xayah",54.92,1535,2.53,207.43,12124,"Master","Bot"
"Zac",54.88,1997,3.46,136.3,10174,"Master","Jungle"
"Ekko",54.85,3105,2.71,179.57,11939,"Master","Mid"
"Brand",54.82,1173,1.93,91.08,9965,"Master","Support"
"Quinn",54.81,1018,2,173.48,11905,"Master","Top"
"Kassadin",54.8,2179,2.65,186.29,11570,"Master","Mid"
"Singed",54.75,1894,2.54,164.59,10220,"Master","Top"
"Xin Zhao",54.73,5485,2.58,153.71,10991,"Master","Jungle"
"Amumu",54.7,351,2.51,123.32,9652,"Master","Jungle"
"Garen",54.66,1471,2.11,202.54,12042,"Master","Top"
"Blitzcrank",54.65,2838,2.58,31.32,7470,"Master","Support"
"Sona",54.51,1820,3.06,17.14,7682,"Master","Support"
"Shen",54.49,2314,3.07,144.82,9467,"Master","Top"
"Zoé",54.48,1898,2.77,163.87,10879,"Master","Mid"
"Vel'Koz",54.45,911,2.46,129.86,10189,"Master","Mid"
"Talon",54.44,1927,2.31,184.34,12351,"Master","Mid"
"Sylas",54.34,3844,2.21,157.21,10910,"Master","Mid"
"Twitch",54.32,3805,2.41,168.19,12072,"Master","Bot"
"Kayle",54.31,1646,1.97,217.79,12178,"Master","Top"
"Vayne",54.27,5327,2.1,188.71,11779,"Master","Bot"
"Urgot",54.23,1833,1.95,199.39,12169,"Master","Top"
"Rengar",54.21,2341,2.45,166.24,12266,"Master","Jungle"
"Kayn",54.2,3087,2.63,179.3,12418,"Master","Jungle"
"Maokai",54.1,451,2.23,38.15,8200,"Master","Support"
"Trundle",54.09,1453,2.52,152.95,10881,"Master","Jungle"
"Senna",54.07,5608,2.91,57.13,9891,"Master","Support"
"Sejuani",54.05,729,3.33,157.27,10833,"Master","Jungle"
"Fiora",54.03,3737,1.76,187.05,11550,"Master","Top"
"Olaf",54.03,670,2.4,169.03,11587,"Master","Jungle"
"Nidalee",53.94,2718,3.41,162.35,11582,"Master","Jungle"
"Aurelion Sol",53.94,723,2.81,169.34,10556,"Master","Mid"
"Vex",53.87,2777,2.49,159.59,10760,"Master","Mid"
"Akshan",53.76,4033,2.15,184.25,12206,"Master","Mid"
"Diana",53.74,5834,2.65,183.47,12090,"Master","Jungle"
"Jinx",53.72,14122,2.48,206.13,11979,"Master","Bot"
"Darius",53.62,2557,1.92,192.05,11616,"Master","Top"
"Tahm Kench",53.62,1050,2.55,87.42,8413,"Master","Top"
"Veigar",53.55,6306,2.41,193.41,11650,"Master","Mid"
"Ashe",53.52,1164,2.41,176.48,10926,"Master","Bot"
"Kog'Maw",53.5,957,2.18,201.36,12261,"Master","Bot"
"Tristana",53.49,2653,2.54,202.61,12529,"Master","Bot"
"Malphite",53.46,1661,2.35,153.25,9719,"Master","Top"
"Miss Fortune",53.46,838,2.37,196.71,12054,"Master","Bot"
"Rumble",53.44,1441,2.53,164.91,11444,"Master","Top"
"Katarina",53.38,2458,2.63,164.19,11757,"Master","Mid"
"Nunu et Willump",53.38,2098,3.07,139.45,10297,"Master","Jungle"
"Twisted Fate",53.36,1769,2.58,163.6,10968,"Master","Mid"
"Kalista",53.33,765,2.22,200.66,12421,"Master","Bot"
"Maître Yi",53.32,1399,2.3,165.45,12256,"Master","Jungle"
"Heimerdinger",53.3,893,1.88,163.28,10728,"Master","Mid"
"Fizz",53.28,1389,2.58,169,11291,"Master","Mid"
"Pyke",53.27,5650,2.35,44.16,10624,"Master","Support"
"Rakan",53.25,3923,3.27,31.15,7467,"Master","Support"
"Hecarim",53.23,4385,3.16,170.38,11686,"Master","Jungle"
"Jhin",53.22,11949,3.13,195.81,11830,"Master","Bot"
"Orianna",53.19,1694,2.81,198.57,11211,"Master","Mid"
"Wukong",53.15,1016,2.14,159.86,11047,"Master","Top"
"Vi",53.12,625,2.54,159.8,11375,"Master","Jungle"
"Yorick",53.11,563,1.49,202.85,11492,"Master","Top"
"Malzahar",53.04,873,2.13,199.29,11198,"Master","Mid"
"Taric",52.94,374,3.56,44.46,7512,"Master","Support"
"Volibear",52.92,2279,2.49,155.16,10698,"Master","Jungle"
"Irelia",52.89,4103,1.59,216.12,12247,"Master","Top"
"Jax",52.84,2655,1.62,187.57,11541,"Master","Top"
"Zed",52.83,3462,2.47,181.44,12104,"Master","Mid"
"Kai'Sa",52.82,4718,2.58,205.23,12405,"Master","Bot"
"Lissandra",52.76,1016,2.4,178.22,10816,"Master","Mid"
"Kennen",52.64,889,2.1,176.32,11058,"Master","Top"
"Camille",52.62,4278,1.9,174.25,11096,"Master","Top"
"Shaco",52.54,2918,3.01,145.14,11425,"Master","Jungle"
"Ivern",52.52,933,3.76,111.24,8781,"Master","Jungle"
"Gwen",52.44,6777,2.11,190.15,11753,"Master","Top"
"Leona",52.35,3087,2.38,32.71,7235,"Master","Support"
"Draven",52.31,3399,2.09,196.62,12956,"Master","Bot"
"Nautilus",52.29,3647,2.32,33.58,7311,"Master","Support"
"Dr. Mundo",52.16,763,2.1,187.61,11037,"Master","Top"
"Galio",52.15,838,2.74,111.02,9014,"Master","Support"
"Jarvan IV",52.14,2735,3.33,140.84,10783,"Master","Jungle"
"Yuumi",52.12,4152,4.4,6.62,7600,"Master","Support"
"Gragas",52.1,2624,2.37,151.43,9938,"Master","Top"
"Ornn",52.07,1911,2.34,167.65,9837,"Master","Top"
"Karma",52,8114,2.92,40.57,8150,"Master","Support"
"Morgana",51.97,1064,2.8,48.95,8564,"Master","Support"
"Lillia",51.95,922,2.84,189.86,11824,"Master","Jungle"
"Yasuo",51.93,4664,1.84,205.95,11955,"Master","Mid"
"Nami",51.92,4143,3.38,13,7921,"Master","Support"
"Alistar",51.87,1334,2.68,31.43,7275,"Master","Support"
"Skarner",51.87,241,2.89,146.4,10140,"Master","Jungle"
"Yone",51.84,4695,1.82,205.27,11954,"Master","Mid"
"Sion",51.81,1683,1.5,200.37,11348,"Master","Top"
"Rammus",51.81,608,2.86,120.78,9635,"Master","Jungle"
"Lee Sin",51.76,8211,2.97,148.46,11261,"Master","Jungle"
"Lux",51.76,3514,2.82,97.8,9868,"Master","Mid"
"Mordekaiser",51.71,847,1.78,177.31,10893,"Master","Top"
"Graves",51.68,6596,2.21,207.93,12178,"Master","Jungle"
"Gnar",51.66,1928,1.81,188.67,11049,"Master","Top"
"Teemo",51.66,631,1.72,191.93,11625,"Master","Top"
"Akali",51.61,4980,2.3,171.04,11124,"Master","Mid"
"Aatrox",51.59,3960,1.94,178.73,10958,"Master","Top"
"Viego",51.56,7385,2.59,159.83,11536,"Master","Jungle"
"Udyr",51.55,838,2.91,182.75,11541,"Master","Jungle"
"Syndra",51.4,2150,2.25,189.49,11098,"Master","Mid"
"Séraphine",51.33,2098,2.88,142.4,9942,"Master","Support"
"Vladimir",51.32,2804,2.43,198.17,11336,"Master","Mid"
"Zilean",51.27,4250,3.3,73.98,8267,"Master","Support"
"Karthus",51.26,2848,2.28,197.21,12495,"Master","Jungle"
"Gangplank",51.17,1974,2.03,208.1,13184,"Master","Top"
"Shyvana",51,647,2.48,200.91,12010,"Master","Jungle"
"Lucian",50.93,2211,2.2,203.07,12154,"Master","Bot"
"Renekton",50.86,2552,1.87,195.11,11444,"Master","Top"
"Warwick",50.85,531,1.82,153.5,10776,"Master","Jungle"
"Ezreal",50.82,7253,2.33,194.7,11803,"Master","Bot"
"Poppy",50.75,1535,2.48,144.49,10150,"Master","Jungle"
"Jayce",50.74,4275,1.77,202.85,12201,"Master","Top"
"Sett",50.6,2751,1.78,164.52,10924,"Master","Top"
"LeBlanc",50.52,2201,3.1,152.56,10745,"Master","Mid"
"Braum",50.38,919,2.82,33.09,7344,"Master","Support"
"Cho'Gath",50.31,972,2.12,186.2,10967,"Master","Top"
"Swain",50.25,394,2.4,119.01,10052,"Master","Support"
"Thresh",50.21,5258,2.74,32.55,7347,"Master","Support"
"Caitlyn",50.2,3974,2.29,198.94,11904,"Master","Bot"
"Xerath",50.11,2782,2.99,131.9,10829,"Master","Mid"
"Viktor",49.99,5417,2.17,202.07,11533,"Master","Mid"
"Nasus",49.87,762,1.89,182.76,11066,"Master","Top"
"Taliyah",49.42,692,2.49,138.49,11345,"Master","Jungle"
"Sivir",49.06,691,2.42,217.16,11987,"Master","Bot"
"Corki",49.04,2184,2.17,211.74,12582,"Master","Mid"
"Azir",48.87,663,2.13,193.39,11388,"Master","Mid"
"Ryze",48.5,2596,2.34,212.3,11408,"Master","Mid"
"Samira",48.16,1578,2.13,189.85,12281,"Master","Bot"
"Varus",47.89,1163,2.27,195.58,11784,"Master","Bot"
"Aphelios",47.8,5538,2.03,196.01,11716,"Master","Bot"
"Kled",60.36,111,2.03,171.05,11560,"Grandmaster","Top"
"Elise",60,110,2.65,108.06,10277,"Grandmaster","Jungle"
"Rek'Sai",58.83,583,2.75,149.46,11572,"Grandmaster","Jungle"
"Amumu",58.82,17,2.22,97.76,8583,"Grandmaster","Jungle"
"Kennen",58.41,339,2.08,167.82,10567,"Grandmaster","Top"
"Skarner",58.33,12,3.44,149.42,10260,"Grandmaster","Jungle"
"Ahri",58.27,1251,2.9,185.73,11281,"Grandmaster","Mid"
"Tahm Kench",58.13,332,2.8,52.77,7627,"Grandmaster","Top"
"Maokai",57.98,119,2.2,34.65,8151,"Grandmaster","Support"
"Xayah",57.61,276,2.49,212.67,12205,"Grandmaster","Bot"
"Vel'Koz",57.55,139,2.83,118.86,10262,"Grandmaster","Mid"
"Shen",57.19,292,3.03,140.27,8934,"Grandmaster","Top"
"Aurelion Sol",57.14,98,2.8,173.46,10680,"Grandmaster","Mid"
"Sejuani",56.96,79,3.51,146.06,10196,"Grandmaster","Jungle"
"Anivia",56.82,88,2.81,186.36,10939,"Grandmaster","Mid"
"Brand",56.39,266,1.95,93.15,10240,"Grandmaster","Support"
"Taliyah",56.38,94,2.62,149.61,10901,"Grandmaster","Jungle"
"Nunu et Willump",56.36,236,3.19,133.31,9757,"Grandmaster","Jungle"
"Rell",55.78,199,2.74,30.81,7412,"Grandmaster","Support"
"Annie",55.77,52,2.44,150.88,10331,"Grandmaster","Mid"
"Quinn",55.7,228,1.98,188.92,11878,"Grandmaster","Top"
"Kha'Zix",55.52,951,3.11,164.2,12043,"Grandmaster","Jungle"
"Lissandra",55.46,238,2.72,197.12,11391,"Grandmaster","Mid"
"Veigar",55.44,1434,2.4,193.44,11517,"Grandmaster","Mid"
"Talon",55.3,302,2.45,176.44,12116,"Grandmaster","Mid"
"Janna",55.28,1476,3.26,15.93,7273,"Grandmaster","Support"
"Ornn",55.27,512,2.51,168.67,9702,"Grandmaster","Top"
"Poppy",55.09,285,2.42,148.44,9904,"Grandmaster","Jungle"
"Azir",55.08,187,2.14,211.53,12318,"Grandmaster","Mid"
"Dr. Mundo",54.87,113,2.19,183.13,10549,"Grandmaster","Top"
"Katarina",54.79,365,2.68,157.17,11552,"Grandmaster","Mid"
"Zac",54.77,241,3.49,140.06,10285,"Grandmaster","Jungle"
"Yone",54.74,718,1.9,203.32,11644,"Grandmaster","Mid"
"Kayn",54.73,782,2.66,177.12,12214,"Grandmaster","Jungle"
"Qiyana",54.56,933,2.36,166.54,11499,"Grandmaster","Mid"
"Garen",54.5,189,2.08,197.2,11465,"Grandmaster","Top"
"Thresh",54.45,1201,2.81,31.82,7221,"Grandmaster","Support"
"Galio",54.39,239,3.03,113.29,9059,"Grandmaster","Support"
"Vi",54.35,46,2.69,159.83,11690,"Grandmaster","Jungle"
"Kindred",54.27,433,2.34,154.91,11472,"Grandmaster","Jungle"
"Bard",54.19,620,3.19,20.82,7947,"Grandmaster","Support"
"Vayne",54.06,727,2.03,184.35,11246,"Grandmaster","Bot"
"Ziggs",53.98,289,2.56,203.41,11628,"Grandmaster","Mid"
"Teemo",53.97,63,1.69,184.94,10912,"Grandmaster","Top"
"Kassadin",53.93,369,2.61,186.01,11463,"Grandmaster","Mid"
"Tristana",53.9,564,2.53,203.59,12323,"Grandmaster","Bot"
"Rengar",53.88,232,2.4,161.7,12115,"Grandmaster","Jungle"
"Vex",53.83,745,2.46,166.97,10710,"Grandmaster","Mid"
"Zilean",53.71,877,3.32,77.76,8143,"Grandmaster","Support"
"Zoé",53.56,435,2.73,168.73,10716,"Grandmaster","Mid"
"Trundle",53.44,247,2.64,148.99,10847,"Grandmaster","Jungle"
"Diana",53.4,1161,2.8,179.29,11869,"Grandmaster","Jungle"
"Alistar",53.4,206,2.78,29.51,7297,"Grandmaster","Support"
"Zeri",53.23,1860,2.49,200.34,11944,"Grandmaster","Bot"
"Gwen",53.23,1488,2.24,190.37,11676,"Grandmaster","Top"
"Draven",53.17,521,2.05,194.51,12811,"Grandmaster","Bot"
"Soraka",53.14,542,2.88,56.18,7488,"Grandmaster","Support"
"Orianna",53.1,339,2.63,206.89,11159,"Grandmaster","Mid"
"Wukong",53.1,145,1.88,158.94,10250,"Grandmaster","Top"
"Yasuo",53.07,976,1.85,201.3,11681,"Grandmaster","Mid"
"Heimerdinger",53.06,98,2.19,97.34,9903,"Grandmaster","Mid"
"Senna",53.05,1231,2.92,62.28,9912,"Grandmaster","Support"
"Rakan",53,868,3.16,29.03,7370,"Grandmaster","Support"
"Fiora",52.92,737,1.73,187.4,11409,"Grandmaster","Top"
"Rumble",52.89,450,2.64,160.29,11003,"Grandmaster","Top"
"Jinx",52.72,3120,2.53,208.46,11913,"Grandmaster","Bot"
"Zed",52.66,638,2.56,177.46,11716,"Grandmaster","Mid"
"Darius",52.65,340,1.86,189.39,11269,"Grandmaster","Top"
"Kayle",52.63,475,2.24,221.58,12156,"Grandmaster","Top"
"Riven",52.6,808,2.14,197.99,11479,"Grandmaster","Top"
"Aatrox",52.56,839,2.02,181.8,10878,"Grandmaster","Top"
"Hecarim",52.55,942,3.31,168.44,11546,"Grandmaster","Jungle"
"Pyke",52.37,1096,2.38,44.69,10117,"Grandmaster","Support"
"Karma",52.18,1901,3.06,43.07,8079,"Grandmaster","Support"
"Fizz",52.17,161,2,172.12,10922,"Grandmaster","Mid"
"Jhin",52.14,2704,3.2,195.69,11585,"Grandmaster","Bot"
"Lucian",52.02,494,2.2,200.38,11772,"Grandmaster","Bot"
"Camille",51.94,670,1.93,175.15,11118,"Grandmaster","Top"
"LeBlanc",51.91,601,2.9,159.66,10603,"Grandmaster","Mid"
"Irelia",51.75,914,1.66,220,12311,"Grandmaster","Top"
"Tryndamere",51.75,715,2.19,209.01,12193,"Grandmaster","Top"
"Nautilus",51.74,949,2.38,32.62,7230,"Grandmaster","Support"
"Xin Zhao",51.72,1224,2.61,150.14,10760,"Grandmaster","Jungle"
"Sylas",51.72,785,2.26,161.26,10595,"Grandmaster","Mid"
"Nasus",51.7,147,2.34,188.95,11303,"Grandmaster","Top"
"Blitzcrank",51.6,469,2.41,30.51,7450,"Grandmaster","Support"
"Kai'Sa",51.41,780,2.59,203.04,12226,"Grandmaster","Bot"
"Jax",51.38,545,1.61,192.15,11599,"Grandmaster","Top"
"Séraphine",51.35,444,2.71,145.58,9751,"Grandmaster","Support"
"Jayce",51.26,950,1.76,203.19,11922,"Grandmaster","Top"
"Twisted Fate",51.25,359,2.53,172.47,11096,"Grandmaster","Mid"
"Lux",51.24,523,2.68,64.43,8952,"Grandmaster","Mid"
"Malzahar",51.23,162,2.22,189.68,10882,"Grandmaster","Mid"
"Vladimir",51.14,438,2.33,200.54,11108,"Grandmaster","Mid"
"Lulu",51.1,1227,3.15,19.32,7397,"Grandmaster","Support"
"Sona",51.09,552,2.73,15.93,7584,"Grandmaster","Support"
"Graves",50.95,1364,2.28,205.81,11883,"Grandmaster","Jungle"
"Cassiopeia",50.82,244,1.98,195.73,11568,"Grandmaster","Mid"
"Caitlyn",50.76,851,2.29,202.65,11868,"Grandmaster","Bot"
"Viktor",50.75,1072,2.26,208.77,11664,"Grandmaster","Mid"
"Ashe",50.69,144,2.38,182.18,11337,"Grandmaster","Bot"
"Syndra",50.65,614,2.27,194.51,10989,"Grandmaster","Mid"
"Volibear",50.54,465,2.67,147.19,10435,"Grandmaster","Jungle"
"Maître Yi",50.54,186,2.19,146.56,11342,"Grandmaster","Jungle"
"Yorick",50.53,188,1.65,216.67,11577,"Grandmaster","Top"
"Karthus",50.52,483,2.12,196.22,12250,"Grandmaster","Jungle"
"Malphite",50.35,286,2.27,150.74,9398,"Grandmaster","Top"
"Sion",50.18,283,1.56,195.67,10875,"Grandmaster","Top"
"Lee Sin",50.15,1996,3.07,148.08,11070,"Grandmaster","Jungle"
"Akshan",50.13,746,2.01,182.44,11763,"Grandmaster","Mid"
"Nidalee",50,668,3.29,158.88,11242,"Grandmaster","Jungle"
"Shaco",50,350,2.98,132.15,10655,"Grandmaster","Jungle"
"Morgana",50,206,2.61,36.87,7815,"Grandmaster","Support"
"Pantheon",50,144,1.98,151.83,10351,"Grandmaster","Support"
"Braum",50,128,2.72,32.47,7336,"Grandmaster","Support"
"Warwick",50,76,2.03,155.51,11298,"Grandmaster","Jungle"
"Leona",49.93,679,2.34,32.81,7055,"Grandmaster","Support"
"Nami",49.88,866,3.39,12.08,7683,"Grandmaster","Support"
"Ezreal",49.82,1646,2.23,194.06,11454,"Grandmaster","Bot"
"Kalista",49.76,205,2.57,212.11,12425,"Grandmaster","Bot"
"Viego",49.73,1647,2.69,156.74,11243,"Grandmaster","Jungle"
"Gragas",49.66,596,2.33,147.08,9592,"Grandmaster","Top"
"Urgot",49.59,482,1.64,199.52,11875,"Grandmaster","Top"
"Shyvana",49.48,194,2.2,194.99,11807,"Grandmaster","Jungle"
"Jarvan IV",49.43,611,3.38,143.44,10758,"Grandmaster","Jungle"
"Gnar",49.3,501,1.72,193.7,11096,"Grandmaster","Top"
"Renekton",49.25,670,1.88,196.02,11270,"Grandmaster","Top"
"Twitch",49.25,532,2.35,164.5,11490,"Grandmaster","Bot"
"Miss Fortune",49,100,2.42,208.73,12325,"Grandmaster","Bot"
"Aphelios",48.9,1415,2.12,197.24,11685,"Grandmaster","Bot"
"Ekko",48.71,620,2.58,183.5,11854,"Grandmaster","Mid"
"Akali",48.57,1223,2.22,169.08,10881,"Grandmaster","Mid"
"Ryze",48.53,853,2.38,212.79,11289,"Grandmaster","Mid"
"Yuumi",48.44,931,4.16,6.2,7453,"Grandmaster","Support"
"Gangplank",48.4,438,1.89,206.79,12780,"Grandmaster","Top"
"Samira",48.09,235,2.22,192.2,12069,"Grandmaster","Bot"
"Sivir",47.92,192,2.41,213.41,11904,"Grandmaster","Bot"
"Udyr",47.9,167,2.91,175.86,11207,"Grandmaster","Jungle"
"Swain",47.62,42,2.54,66.5,9033,"Grandmaster","Support"
"Cho'Gath",47.47,297,2.17,190.27,11166,"Grandmaster","Top"
"Kog'Maw",47.37,114,2.2,204.66,11882,"Grandmaster","Bot"
"Evelynn",47.26,201,3.15,153.29,11227,"Grandmaster","Jungle"
"Olaf",46.88,128,2.37,168.93,11125,"Grandmaster","Jungle"
"Sett",46.86,510,1.8,147.24,10342,"Grandmaster","Top"
"Lillia",46.82,173,2.99,187.86,11729,"Grandmaster","Jungle"
"Varus",46.73,214,2.18,193.37,11438,"Grandmaster","Bot"
"Mordekaiser",46.07,89,1.59,190.47,11004,"Grandmaster","Top"
"Ivern",45.95,148,3.41,107.61,8518,"Grandmaster","Jungle"
"Taric",45.93,209,3.86,38.67,7083,"Grandmaster","Support"
"Corki",45.28,413,2.2,212.77,12324,"Grandmaster","Mid"
"Neeko",44.59,74,2.05,152.43,10523,"Grandmaster","Mid"
"Xerath",44.19,310,2.8,134.14,10425,"Grandmaster","Mid"
"Fiddlesticks",44.04,109,2.57,152.79,10365,"Grandmaster","Jungle"
"Illaoi",42.42,33,1.5,216.67,12248,"Grandmaster","Top"
"Zyra",41.86,43,1.81,42.28,7768,"Grandmaster","Support"
"Singed",37.19,121,2.35,140.4,9402,"Grandmaster","Top"
"Rammus",34.62,26,2.24,83.77,8070,"Grandmaster","Jungle"
"Illaoi",75,8,0.92,191.25,10613,"Challenger","Top"
"Teemo",66.67,6,2.17,149.33,10535,"Challenger","Top"
"Malzahar",66,50,2.34,206.78,11517,"Challenger","Mid"
"Miss Fortune",65.31,49,2.48,211.33,11757,"Challenger","Bot"
"Kennen",64.38,146,2.45,172.76,10723,"Challenger","Top"
"Wukong",63.16,38,1.96,167.87,10603,"Challenger","Top"
"Neeko",62.34,77,2.63,155.61,10266,"Challenger","Mid"
"Annie",61.11,36,2.94,170.44,11247,"Challenger","Mid"
"Riven",60.82,194,2.23,200.38,11665,"Challenger","Top"
"Bard",60.29,277,3.48,18.87,8059,"Challenger","Support"
"Pantheon",59.48,116,2.42,144.99,10665,"Challenger","Support"
"Rek'Sai",59.06,254,2.68,143.52,11558,"Challenger","Jungle"
"Rumble",58.97,117,2.94,166,11136,"Challenger","Top"
"Janna",58.82,510,3.5,16.71,7296,"Challenger","Support"
"Rakan",58.46,402,3.57,30.07,7551,"Challenger","Support"
"Ivern",58.33,96,4.14,100.94,8501,"Challenger","Jungle"
"Zoé",57.89,133,3.24,175.72,10689,"Challenger","Mid"
"Kalista",57.89,95,2.17,216.08,12900,"Challenger","Bot"
"Zed",57.85,242,2.84,177.67,12002,"Challenger","Mid"
"Varus",57.8,109,2.44,202.34,11878,"Challenger","Bot"
"Camille",57.53,299,2.1,173.19,11045,"Challenger","Top"
"Qiyana",57.47,435,2.62,174.56,11878,"Challenger","Mid"
"Warwick",57.35,211,2,139.27,10480,"Challenger","Jungle"
"Galio",57.14,84,2.88,115.49,9077,"Challenger","Support"
"Zac",57.14,56,4.32,145.13,10922,"Challenger","Jungle"
"Lissandra",57.14,42,2.99,184.4,10976,"Challenger","Mid"
"Swain",57.14,35,4.32,185.54,12537,"Challenger","Support"
"Taric",57.14,35,3.26,38.43,7525,"Challenger","Support"
"Ornn",57.02,114,2.41,169.06,9692,"Challenger","Top"
"Kha'Zix",56.71,559,3.13,162.06,11830,"Challenger","Jungle"
"Garen",56.67,30,2,198.27,12183,"Challenger","Top"
"Nami",56.6,265,3.07,13.8,7951,"Challenger","Support"
"Sion",56.54,191,1.31,221.96,12089,"Challenger","Top"
"Kayle",56.41,39,2.2,190.26,10497,"Challenger","Top"
"Vel'Koz",56.41,39,2.73,102.13,9637,"Challenger","Mid"
"Trundle",56.34,71,2.73,138.31,10490,"Challenger","Jungle"
"Ahri",56.33,671,2.85,183.72,11129,"Challenger","Mid"
"Alistar",56.29,151,2.71,30.01,7186,"Challenger","Support"
"Singed",56.29,151,2.62,139.44,9588,"Challenger","Top"
"Rell",56.25,48,2.66,32.04,7319,"Challenger","Support"
"Sejuani",56.25,32,3.26,135.78,9676,"Challenger","Jungle"
"Sona",56.19,315,3.04,18.36,7645,"Challenger","Support"
"Maître Yi",56.06,66,2.18,151.94,11178,"Challenger","Jungle"
"Taliyah",56.03,141,2.84,163.39,11557,"Challenger","Jungle"
"Vex",55.99,409,2.69,165.51,10658,"Challenger","Mid"
"Karma",55.95,1008,3.03,62.02,8373,"Challenger","Support"
"Tryndamere",55.9,288,2.06,204.12,11930,"Challenger","Top"
"Veigar",55.83,532,2.6,194.53,11388,"Challenger","Mid"
"Soraka",55.81,267,3.04,38.84,7444,"Challenger","Support"
"Poppy",55.71,140,2.84,145.48,10065,"Challenger","Jungle"
"Zeri",55.59,734,2.55,202.3,12200,"Challenger","Bot"
"Renekton",55.59,295,1.99,191.45,11172,"Challenger","Top"
"Hecarim",55.58,394,3.61,166.8,11388,"Challenger","Jungle"
"Volibear",55.56,288,3.33,143.98,10487,"Challenger","Jungle"
"Aurelion Sol",55.56,117,2.57,156.64,10055,"Challenger","Mid"
"Skarner",55.56,9,3.53,143.44,10297,"Challenger","Jungle"
"Nautilus",55.5,436,2.47,33.4,7147,"Challenger","Support"
"Diana",55.32,555,2.82,181.41,11964,"Challenger","Jungle"
"Jinx",55.14,1380,2.69,214.41,12219,"Challenger","Bot"
"Xin Zhao",55.14,555,2.7,151,10919,"Challenger","Jungle"
"Cassiopeia",54.96,242,2.14,201.33,11738,"Challenger","Mid"
"Ziggs",54.9,102,2.59,199.1,11584,"Challenger","Mid"
"Pyke",54.86,740,2.57,43.45,10411,"Challenger","Support"
"Aatrox",54.85,361,2,172.92,10755,"Challenger","Top"
"Vayne",54.79,219,2.21,201.21,12316,"Challenger","Bot"
"Syndra",54.69,320,2.48,197.73,11200,"Challenger","Mid"
"Braum",54.69,64,2.7,30.34,7045,"Challenger","Support"
"Viktor",54.64,496,2.38,212.88,11723,"Challenger","Mid"
"Karthus",54.6,326,2.32,196.62,12215,"Challenger","Jungle"
"Twisted Fate",54.59,185,2.82,162.65,10668,"Challenger","Mid"
"Leona",54.55,385,2.59,32.88,7307,"Challenger","Support"
"Gangplank",54.48,145,2.14,213.7,13368,"Challenger","Top"
"Olaf",54.39,57,2.6,172.04,11542,"Challenger","Jungle"
"Shen",54.29,140,3.21,144.69,9560,"Challenger","Top"
"Rengar",54.17,192,2.51,153.86,11968,"Challenger","Jungle"
"Sylas",54.05,420,2.27,166.25,10660,"Challenger","Mid"
"Quinn",53.85,65,1.67,190.98,12111,"Challenger","Top"
"Mordekaiser",53.85,39,2.18,187.79,11417,"Challenger","Top"
"Vladimir",53.74,214,2.9,205,11440,"Challenger","Mid"
"Darius",53.68,231,1.89,182.76,11116,"Challenger","Top"
"Ezreal",53.65,617,2.29,197.83,11702,"Challenger","Bot"
"Lucian",53.57,224,2.11,205.84,11943,"Challenger","Bot"
"Caitlyn",53.47,303,2.61,213.23,12476,"Challenger","Bot"
"Tristana",53.25,415,2.61,199.5,12481,"Challenger","Bot"
"Katarina",53.03,132,2.63,161.23,11498,"Challenger","Mid"
"Jhin",52.96,1046,3.31,204.17,11953,"Challenger","Bot"
"Kai'Sa",52.91,206,2.67,207.11,12209,"Challenger","Bot"
"Viego",52.77,938,2.84,155.18,11343,"Challenger","Jungle"
"Fizz",52.52,139,1.66,157.03,10924,"Challenger","Mid"
"Thresh",52.46,589,2.81,31.35,7129,"Challenger","Support"
"Tahm Kench",52.41,145,2.53,45.19,7156,"Challenger","Top"
"Kindred",52.38,189,2.34,163.26,11721,"Challenger","Jungle"
"Yuumi",52.32,539,4.22,5.26,7345,"Challenger","Support"
"Sivir",52.27,176,2.63,210.74,12051,"Challenger","Bot"
"Nidalee",52.22,293,3.38,156.48,11310,"Challenger","Jungle"
"Aphelios",52.2,862,2.21,205.05,12052,"Challenger","Bot"
"Lee Sin",52.15,1093,3.16,148.15,11089,"Challenger","Jungle"
"Gwen",52.02,794,2.37,189.65,11834,"Challenger","Top"
"Maokai",51.85,27,2.12,63.67,8095,"Challenger","Support"
"Jarvan IV",51.84,245,3.68,141.93,10883,"Challenger","Jungle"
"Graves",51.71,702,2.4,210.14,12211,"Challenger","Jungle"
"Yasuo",51.65,395,1.8,199.72,11564,"Challenger","Mid"
"LeBlanc",51.61,403,3.31,170.18,10939,"Challenger","Mid"
"Jayce",51.29,505,1.82,200.06,11872,"Challenger","Top"
"Samira",51.28,117,2.41,208.39,13026,"Challenger","Bot"
"Evelynn",51.22,41,4.51,162.88,12163,"Challenger","Jungle"
"Kayn",51.01,198,2.63,164,11375,"Challenger","Jungle"
"Gnar",50.87,230,1.96,198.01,11402,"Challenger","Top"
"Jax",50.81,246,1.73,167.44,10757,"Challenger","Top"
"Urgot",50.75,67,1.49,196.21,11350,"Challenger","Top"
"Senna",50.52,477,2.78,53.5,9586,"Challenger","Support"
"Fiora",50.35,427,1.66,182.33,11245,"Challenger","Top"
"Ryze",50.3,507,2.61,213.1,11593,"Challenger","Mid"
"Draven",50.25,197,2,197.88,12498,"Challenger","Bot"
"Lux",50.19,259,2.67,81.7,9376,"Challenger","Mid"
"Yone",50.18,275,1.8,210.08,12140,"Challenger","Mid"
"Malphite",50,88,2.37,156.24,9594,"Challenger","Top"
"Lillia",50,72,3.13,185.86,11785,"Challenger","Jungle"
"Morgana",50,46,3,32.85,8283,"Challenger","Support"
"Kled",50,38,1.74,158.29,10057,"Challenger","Top"
"Heimerdinger",50,16,2.04,110.06,9983,"Challenger","Mid"
"Yorick",50,6,0.82,203.33,12320,"Challenger","Top"
"Vi",50,4,3.26,160.25,11668,"Challenger","Jungle"
"Amumu",50,4,3,30.5,7253,"Challenger","Jungle"
"Lulu",49.75,601,3.12,20.82,7674,"Challenger","Support"
"Xayah",49.63,135,2.45,222.37,12467,"Challenger","Bot"
"Elise",49.59,123,2.24,104.99,9854,"Challenger","Jungle"
"Akshan",49.55,337,2.22,189.95,12447,"Challenger","Mid"
"Orianna",49.55,224,2.59,207.6,11047,"Challenger","Mid"
"Akali",49.43,706,2.26,168.83,10856,"Challenger","Mid"
"Talon",48.89,45,2.1,178.2,11409,"Challenger","Mid"
"Shaco",48.89,45,2.36,130.64,10887,"Challenger","Jungle"
"Ekko",48.85,348,2.48,183.7,12094,"Challenger","Mid"
"Gragas",48.8,250,2.5,151.74,10067,"Challenger","Top"
"Udyr",48.72,39,2.98,191.72,11468,"Challenger","Jungle"
"Irelia",48.56,348,1.65,212.27,11972,"Challenger","Top"
"Twitch",48.54,103,2.06,152.88,10767,"Challenger","Bot"
"Blitzcrank",48.29,350,2.54,29.96,7288,"Challenger","Support"
"Nunu et Willump",48.28,116,2.37,102.79,9419,"Challenger","Jungle"
"Xerath",47.9,167,3.13,141.99,11009,"Challenger","Mid"
"Séraphine",47.28,184,2.85,158.71,9371,"Challenger","Support"
"Corki",47.22,216,2.32,212.74,12290,"Challenger","Mid"
"Zilean",46.92,390,3.03,80.23,7912,"Challenger","Support"
"Dr. Mundo",46.88,32,2.39,173.38,9804,"Challenger","Top"
"Kassadin",46.79,156,2.51,186.52,11279,"Challenger","Mid"
"Sett",46.74,276,1.79,144.63,9957,"Challenger","Top"
"Nasus",46.43,28,1.74,180.64,10777,"Challenger","Top"
"Cho'Gath",46.03,63,2.02,188.44,10628,"Challenger","Top"
"Anivia",45.83,24,2.33,188.71,11854,"Challenger","Mid"
"Brand",43.75,80,1.87,78.2,9657,"Challenger","Support"
"Azir",43.48,46,2.14,205.13,11379,"Challenger","Mid"
"Shyvana",42.47,73,2.31,200.73,12116,"Challenger","Jungle"
"Ashe",39.13,46,2.1,181.8,11030,"Challenger","Bot"
"Kog'Maw",36.84,19,2.03,217.53,13684,"Challenger","Bot"
"Fiddlesticks",33.33,6,2.67,145,10594,"Challenger","Jungle"
"Zyra",22.22,9,1.8,26.56,6923,"Challenger","Support"
"Rammus",0,1,0.43,89,5963,"Challenger","Jungle"
